id,name,current_party,current_district,current_chamber,given_name,family_name,gender,email,biography,birth_date,death_date,image,links,sources,capitol_address,capitol_voice,capitol_fax,district_address,district_voice,district_fax,twitter,youtube,instagram,facebook,wikidata
ocd-person/9995703e-90eb-4d20-a2f6-bfd9542102bd,Abby Angelos,Republican,3,lower,Abby,Angelos,Female,abby.angelos@wyoleg.gov,,,,https://wyoleg.gov/LegislatorSummary/Photos/68th-AngelosAbby.jpg,https://en.wikipedia.org/wiki/Abby_Angelos;https://www.wyoleg.gov/Legislators/2023/H/2091;https://www.wyoleg.gov/Legislators/2025/H/2091;https://wyoleg.gov/Legislators/2021/R/2091,https://ballotpedia.org/Abby_Angelos;https://en.wikipedia.org/wiki/Abby_Angelos;https://justfacts.votesmart.org/candidate/biography/207662/abby-angelos;https://www.wyoleg.gov/Legislators/2023/H/2091;https://www.wyoleg.gov/Legislators/2025/H/2091;https://wyoleg.gov/LsoService/api/legislator/2023/H;https://wyoleg.gov/LsoService/api/legislator/2091,,,,,,,,,,voteforabby,
ocd-person/3198aa67-829e-4827-8b26-8955cbf36f4a,Andrew Byron,Republican,22,lower,Andrew,Byron,Male,andrew.byron@wyoleg.gov,,,,https://wyoleg.gov/LegislatorSummary/Photos/68th-ByronAndrew.jpg,https://www.wyoleg.gov/Legislators/2023/H/2099;https://www.wyoleg.gov/Legislators/2025/H/2099;https://wyoleg.gov/Legislators/2021/R/2099,https://ballotpedia.org/Andrew_Byron;https://en.wikipedia.org/wiki/Andrew_Byron;https://justfacts.votesmart.org/candidate/biography/207687/andrew-byron;https://www.wyoleg.gov/Legislators/2023/H/2099;https://www.wyoleg.gov/Legislators/2025/H/2099;https://wyoleg.gov/LsoService/api/legislator/2023/H;https://wyoleg.gov/LsoService/api/legislator/2099,,,,,,,,,abforhd22,,
ocd-person/4665c34f-70f5-4bc0-af49-0239e0e907a1,Ann Lucas,Republican,43,lower,Ann,Lucas,Female,ann.lucas@wyoleg.gov,,,,https://wyoleg.gov/LegislatorSummary/Photos/68th-LucasAnn.jpg,https://www.wyoleg.gov/Legislators/2025/H/2128,https://ballotpedia.org/Ann_Lucas;https://justfacts.votesmart.org/candidate/biography/218341/ann-lucas;https://www.linkedin.com/in/ann-lucas-aab8869;https://www.wyoleg.gov/Legislators/2025/H/2128,,,,,,,,,,annlucas4wyoming,
ocd-person/394ba273-63d7-409d-90cd-5d183e750ea4,Art Washut,Republican,36,lower,Art,Washut,Male,art.washut@wyoleg.gov,,1957-10-14,,https://wyoleg.gov/LegislatorSummary/Photos/68th-WashutArt.jpg,https://www.wyoleg.gov/Legislators/2023/H/2058;https://www.wyoleg.gov/Legislators/2025/H/2058;https://wyoleg.gov/Legislators/2019/R/2058;https://wyoleg.gov/Legislators/2021/R/2058,https://ballotpedia.org/Art_Washut;https://en.wikipedia.org/wiki/Art_Washut;https://justfacts.votesmart.org/candidate/biography/184074/art-washut;https://www.caspercollege.edu/directory/arthur-washut;https://www.linkedin.com/in/arthur-washut-9a03b3149;https://www.wyoleg.gov/Legislators/2023/H/2058;https://www.wyoleg.gov/Legislators/2025/H/2058;https://wyoleg.gov/Legislators/2019/R/2058;https://wyoleg.gov/Legislators/2021/R/2058;https://wyoleg.gov/LsoService/api/legislator/2021/H;https://wyoleg.gov/LsoService/api/legislator/2023/H;https://wyoleg.gov/LsoService/api/legislator/2058,,,,"4031 Crystie Lane, Casper, WY 82609",,,,,,,
ocd-person/c6578593-1ca0-4b7d-8635-67249df87c36,Barry Crago,Republican,22,upper,Barry,Crago,Male,barry.crago@wyoleg.gov,,,,https://wyoleg.gov/LegislatorSummary/Photos/68th-CragoBarry.jpg,https://www.wyoleg.gov/Legislators/2023/H/2078;https://www.wyoleg.gov/Legislators/2025/S/2078;https://wyoleg.gov/Legislators/2021/R/2078,https://ballotpedia.org/Barry_Crago;https://en.wikipedia.org/wiki/Barry_Crago;https://justfacts.votesmart.org/candidate/194585/barry-crago;https://www.wyoleg.gov/Legislators/2023/H/2078;https://www.wyoleg.gov/Legislators/2025/S/2078;https://wyoleg.gov/Legislators/2021/R/2078;https://wyoleg.gov/LsoService/api/legislator/2021/H;https://wyoleg.gov/LsoService/api/legislator/2023/H;https://wyoleg.gov/LsoService/api/legislator/2078,,,,"443 Lobban Ave., Buffalo, WY 82834",,,,,,,
ocd-person/2f0d84dc-df29-4c3d-83ea-aa56beca9839,Bill Allemand,Republican,58,lower,Bill,Allemand,Male,bill.allemand@wyoleg.gov,,,,https://wyoleg.gov/LegislatorSummary/Photos/68th-AllemandBill.jpg,https://www.wyoleg.gov/Legislators/2023/H/2114;https://www.wyoleg.gov/Legislators/2024/H/2114;https://www.wyoleg.gov/Legislators/2025/H/2114;https://wyoleg.gov/Legislators/2021/R/2114,https://ballotpedia.org/Bill_Allemand;https://en.wikipedia.org/wiki/Bill_Allemand;https://justfacts.votesmart.org/candidate/biography/207721/bill-allemand;https://www.wyoleg.gov/Legislators/2023/H/2114;https://www.wyoleg.gov/Legislators/2024/H/2114;https://www.wyoleg.gov/Legislators/2025/H/2114;https://wyoleg.gov/LsoService/api/legislator/2023/H;https://wyoleg.gov/LsoService/api/legislator/2114,,,,,,,,,,,
ocd-person/e0c25487-a7fb-406b-b637-c3a4de3c6770,Bill Landen,Republican,27,upper,Bill,Landen,Male,bill.landen@wyoleg.gov,,1956-02-21,,https://wyoleg.gov/LegislatorSummary/Photos/68th-LandenBill.jpg,https://www.wyoleg.gov/Legislators/2023/S/434;https://www.wyoleg.gov/Legislators/2026/S/434;https://wyoleg.gov/Legislators/2019/R/434;https://wyoleg.gov/Legislators/2021/R/434,https://ballotpedia.org/Bill_Landen;https://en.wikipedia.org/wiki/Bill_Landen;https://justfacts.votesmart.org/candidate/93366/bill-landen;https://www.linkedin.com/in/william-r-landen-80838021;https://www.wyoleg.gov/Legislators/2023/S/434;https://www.wyoleg.gov/Legislators/2026/S/434;https://wyoleg.gov/Legislators/2019/R/434;https://wyoleg.gov/Legislators/2021/R/434;https://wyoleg.gov/LsoService/api/legislator/2021/S;https://wyoleg.gov/LsoService/api/legislator/2023/S;https://wyoleg.gov/LsoService/api/legislator/434,,,,"2010 Kingsbury Drive, Casper, WY 82609",,,,,,,
ocd-person/016465da-4d49-4ffc-8bb0-cf9528bc6d0e,Bo Biteman,Republican,21,upper,Bo,Biteman,Male,bo.biteman@wyoleg.gov,,1978-10-23,,https://wyoleg.gov/LegislatorSummary/Photos/68th-BitemanBo.jpg,https://www.wyoleg.gov/Legislators/2018/H/2044;https://www.wyoleg.gov/Legislators/2023/S/2044;https://www.wyoleg.gov/Legislators/2025/S/2044;https://wyoleg.gov/Legislators/2019/R/2044;https://wyoleg.gov/Legislators/2021/R/2044,https://ballotpedia.org/Bo_Biteman;https://en.wikipedia.org/wiki/Bo_Biteman;https://justfacts.votesmart.org/candidate/biography/171297/bo-biteman;https://www.linkedin.com/in/bobiteman;https://www.wyoleg.gov/Legislators/2018/H/2044;https://www.wyoleg.gov/Legislators/2023/S/2044;https://www.wyoleg.gov/Legislators/2025/S/2044;https://wyoleg.gov/Legislators/2019/R/2044;https://wyoleg.gov/Legislators/2021/R/2044;https://wyoleg.gov/LsoService/api/legislator/2021/S;https://wyoleg.gov/LsoService/api/legislator/2023/S;https://wyoleg.gov/LsoService/api/legislator/2044,,,,,,,bobiteman,,,Sen.Biteman,
ocd-person/8ddb8078-482c-4df5-983d-ece9e5825cc2,Bob Davis,Republican,47,lower,Bob,Davis,Male,bob.davis@wyoleg.gov,,,,https://wyoleg.gov/LegislatorSummary/Photos/68th-DavisBob.jpg,https://www.wyoleg.gov/Legislators/2023/H/2110;https://www.wyoleg.gov/Legislators/2025/H/2110;https://wyoleg.gov/Legislators/2021/R/2110,https://ballotpedia.org/Robert_Davis_(Wyoming);https://en.wikipedia.org/wiki/Bob_Davis_(Wyoming_politician);https://justfacts.votesmart.org/candidate/biography/207713/robert-davis;https://www.wyoleg.gov/Legislators/2023/H/2110;https://www.wyoleg.gov/Legislators/2025/H/2110;https://wyoleg.gov/LsoService/api/legislator/2023/H;https://wyoleg.gov/LsoService/api/legislator/2110,,,,,,,,,,BobDavisforWY,
ocd-person/6d1c2665-46ea-444d-b88b-b22e2623e660,Bob Ide,Republican,29,upper,Bob,Ide,Male,bob.ide@wyoleg.gov,,,,https://wyoleg.gov/LegislatorSummary/Photos/67th-IdeBob.jpg,https://www.wyoleg.gov/Legislators/2023/S/2089;https://www.wyoleg.gov/Legislators/2025/S/2089;https://wyoleg.gov/Legislators/2021/R/2089,https://ballotpedia.org/Robert_Ide_(Wyoming);https://en.wikipedia.org/wiki/Bob_Ide;https://justfacts.votesmart.org/candidate/biography/153744/bob-ide;https://www.linkedin.com/in/robert-ide-8a266040;https://www.wyoleg.gov/Legislators/2023/S/2089;https://www.wyoleg.gov/Legislators/2025/S/2089;https://wyoleg.gov/LsoService/api/legislator/2023/S;https://wyoleg.gov/LsoService/api/legislator/2089,,,,"3838 Garden Creek Road, Casper, WY 82601",307-472-0233,,BobIdeWY,,,BobIdeWY,
ocd-person/6ff4eff9-e68c-42a1-9aa5-b964daa37a89,Bob Nicholas,Republican,7,lower,Bob,Nicholas,Male,bob.nicholas@wyoleg.gov,,1957-10-14,,https://wyoleg.gov/LegislatorSummary/Photos/68th-NicholasBob.jpg,https://www.wyoleg.gov/Legislators/2023/H/1980;https://www.wyoleg.gov/Legislators/2025/H/1980;https://wyoleg.gov/Legislators/2019/R/1980;https://wyoleg.gov/Legislators/2021/R/1980,https://ballotpedia.org/Bob_Nicholas;https://en.wikipedia.org/wiki/Bob_Nicholas;https://justfacts.votesmart.org/candidate/106111/bob-nicholas;https://www.wyoleg.gov/Legislators/2023/H/1980;https://www.wyoleg.gov/Legislators/2025/H/1980;https://wyoleg.gov/Legislators/2019/R/1980;https://wyoleg.gov/Legislators/2021/R/1980;https://wyoleg.gov/LsoService/api/legislator/1980;https://wyoleg.gov/LsoService/api/legislator/2021/H;https://wyoleg.gov/LsoService/api/legislator/2023/H,,,,"6225 Mountainview Drive, Cheyenne, WY 82009",,,,,,,
ocd-person/cfed8eb6-ad00-4414-9ceb-bd5d46c5974f,Brian Boner,Republican,2,upper,Brian,Boner,Male,brian.boner@wyoleg.gov,,1984-12-10,,https://wyoleg.gov/LegislatorSummary/Photos/68th-BonerBrian.jpg,https://www.wyoleg.gov/Legislators/2023/S/2021;https://www.wyoleg.gov/Legislators/2025/S/2021;https://wyoleg.gov/Legislators/2019/R/2021;https://wyoleg.gov/Legislators/2021/R/2021,https://ballotpedia.org/Brian_Boner;https://en.wikipedia.org/wiki/Brian_Boner;https://justfacts.votesmart.org/candidate/biography/156618/brian-boner;https://www.linkedin.com/in/brian-boner-40a4882a;https://www.wyoleg.gov/Legislators/2023/S/2021;https://www.wyoleg.gov/Legislators/2025/S/2021;https://wyoleg.gov/Legislators/2019/R/2021;https://wyoleg.gov/Legislators/2021/R/2021;https://wyoleg.gov/LsoService/api/legislator/2021;https://wyoleg.gov/LsoService/api/legislator/2021/S;https://wyoleg.gov/LsoService/api/legislator/2023/S,,,,,,,BrianBonerWYO,,,BrianBonerWYO,
ocd-person/0b07cbe8-73ba-4371-9acb-95cb7ecf6251,Cale Case,Republican,25,upper,Cale,Case,Male,cale.case@wyoleg.gov,,1958-06-02,,https://wyoleg.gov/LegislatorSummary/Photos/68th-CaseCale.jpg,https://www.wyoleg.gov/Legislators/2023/S/945;https://www.wyoleg.gov/Legislators/2025/S/945;https://wyoleg.gov/Legislators/2019/R/945;https://wyoleg.gov/Legislators/2021/R/945,https://ballotpedia.org/Cale_Case;https://en.wikipedia.org/wiki/Cale_Case;https://justfacts.votesmart.org/candidate/biography/2744/cale-case;https://www.wyoleg.gov/Legislators/2023/S/945;https://www.wyoleg.gov/Legislators/2025/S/945;https://wyoleg.gov/Legislators/2019/R/945;https://wyoleg.gov/Legislators/2021/R/945;https://wyoleg.gov/LsoService/api/legislator/2021/S;https://wyoleg.gov/LsoService/api/legislator/2023/S;https://wyoleg.gov/LsoService/api/legislator/945,,,,"787 S. 4th St., Lander, WY 82520",307-332-7623,,,,,,
ocd-person/a3ddc445-efa1-4c0c-809a-d21fc383fa59,Charles Scott,Republican,30,upper,Charles,Scott,Male,charles.scott@wyoleg.gov,,1945-08-19,,https://wyoleg.gov/LegislatorSummary/Photos/68th-ScottCharles.jpg,https://www.wyoleg.gov/Legislators/2023/S/294;https://www.wyoleg.gov/Legislators/2025/S/294;https://wyoleg.gov/Legislators/2019/R/294;https://wyoleg.gov/Legislators/2021/R/294,https://ballotpedia.org/Charles_Scott_(Wyoming);https://en.wikipedia.org/wiki/Charles_Scott_(Wyoming_politician);https://justfacts.votesmart.org/candidate/biography/2756/charles-scott;https://www.wyoleg.gov/Legislators/2023/S/294;https://www.wyoleg.gov/Legislators/2025/S/294;https://wyoleg.gov/Legislators/2019/R/294;https://wyoleg.gov/Legislators/2021/R/294;https://wyoleg.gov/LsoService/api/legislator/2021/S;https://wyoleg.gov/LsoService/api/legislator/2023/S;https://wyoleg.gov/LsoService/api/legislator/294,,,,"13900 State Highway 487, Casper, WY 82604",307-473-2512,,,,,,
ocd-person/9fe08ab5-b31c-4f7b-bb23-c7aff3cd3e4d,Cheri Steinmetz,Republican,3,upper,Cheri,Steinmetz,Female,cheri.steinmetz@wyoleg.gov,,,,https://wyoleg.gov/LegislatorSummary/Photos/68th-SteinmetzCheri.jpg,https://www.wyoleg.gov/Legislators/2023/S/2011;https://www.wyoleg.gov/Legislators/2025/S/2011;https://wyoleg.gov/Legislators/2019/R/2011;https://wyoleg.gov/Legislators/2021/R/2011,https://ballotpedia.org/Cheri_Steinmetz;https://en.wikipedia.org/wiki/Cheri_Steinmetz;https://justfacts.votesmart.org/candidate/biography/127266/cheri-steinmetz;https://www.wyoleg.gov/Legislators/2023/S/2011;https://www.wyoleg.gov/Legislators/2025/S/2011;https://wyoleg.gov/Legislators/2019/R/2011;https://wyoleg.gov/Legislators/2021/R/2011;https://wyoleg.gov/LsoService/api/legislator/2011;https://wyoleg.gov/LsoService/api/legislator/2021/S;https://wyoleg.gov/LsoService/api/legislator/2023/S,,,,,,,,,,SteinmetzSD3,
ocd-person/b9414bc4-f900-474b-b99c-8f2716419683,Chip Neiman,Republican,1,lower,Chip,Neiman,Male,chip.neiman@wyoleg.gov,,,,https://wyoleg.gov/LegislatorSummary/Photos/68th-NeimanChip.jpg,https://www.wyoleg.gov/Legislators/2023/H/2070;https://www.wyoleg.gov/Legislators/2025/H/2070;https://wyoleg.gov/Legislators/2021/R/2070,https://ballotpedia.org/Chip_Neiman;https://en.wikipedia.org/wiki/Chip_Neiman;https://justfacts.votesmart.org/candidate/biography/194490/chip-neiman;https://www.wyoleg.gov/Legislators/2023/H/2070;https://www.wyoleg.gov/Legislators/2025/H/2070;https://wyoleg.gov/Legislators/2021/R/2070;https://wyoleg.gov/LsoService/api/legislator/2021/H;https://wyoleg.gov/LsoService/api/legislator/2023/H;https://wyoleg.gov/LsoService/api/legislator/2070,,,,,,,,,,ChipNeimanWY,
ocd-person/510546dd-c3ca-4ce4-9342-f77e05712f2e,Chris Rothfuss,Democratic,9,upper,Chris,Rothfuss,Male,chris.rothfuss@wyoleg.gov,,1972-10-21,,https://wyoleg.gov/LegislatorSummary/Photos/68th-RothfussChris.jpg,https://www.wyoleg.gov/Legislators/2023/S/1971;https://www.wyoleg.gov/Legislators/2025/S/1971;https://wyoleg.gov/Legislators/2019/D/1971;https://wyoleg.gov/Legislators/2021/D/1971,https://ballotpedia.org/Chris_Rothfuss;https://en.wikipedia.org/wiki/Chris_Rothfuss;https://www.linkedin.com/in/rothfuss;https://www.wyoleg.gov/Legislators/2023/S/1971;https://www.wyoleg.gov/Legislators/2025/S/1971;https://wyoleg.gov/Legislators/2019/D/1971;https://wyoleg.gov/Legislators/2021/D/1971;https://wyoleg.gov/LsoService/api/legislator/1971;https://wyoleg.gov/LsoService/api/legislator/2021/S;https://wyoleg.gov/LsoService/api/legislator/2023/S,,,,,,,rothfuss,,senatorrothfuss,rothfuss,
ocd-person/ffe52a1f-bc33-424a-bd8c-a2df967ac83a,Chris Knapp,Republican,53,lower,Chris,Knapp,Male,chris.knapp@wyoleg.gov,,,,https://wyoleg.gov/LegislatorSummary/Photos/68th-KnappChristopher.jpg,https://www.wyoleg.gov/Legislators/2023/H/2086;https://www.wyoleg.gov/Legislators/2025/H/2086;https://wyoleg.gov/Legislators/2021/R/2086,https://ballotpedia.org/Christopher_Knapp;https://en.wikipedia.org/wiki/Chris_Knapp_(politician);https://justfacts.votesmart.org/candidate/biography/100262/christopher-knapp;https://www.linkedin.com/in/chris-knapp-6027b329;https://www.wyoleg.gov/Legislators/2023/H/2086;https://www.wyoleg.gov/Legislators/2025/H/2086;https://wyoleg.gov/Legislators/2021/R/2086;https://wyoleg.gov/LsoService/api/legislator/2021/H;https://wyoleg.gov/LsoService/api/legislator/2023/H;https://wyoleg.gov/LsoService/api/legislator/2086,,,,"1134 E. 12th St., Gillette, WY 82716",,,,,,,
ocd-person/0df4327b-df46-4886-ab09-0c8a55639548,Clarence Styvar,Republican,12,lower,Clarence,Styvar,Male,clarence.styvar@wyoleg.gov,,,,https://wyoleg.gov/LegislatorSummary/Photos/68th-StyvarClarence.jpg,https://www.wyoleg.gov/Legislators/2023/H/2051;https://www.wyoleg.gov/Legislators/2025/H/2051;https://wyoleg.gov/Legislators/2019/R/2051;https://wyoleg.gov/Legislators/2021/R/2051,https://ballotpedia.org/Clarence_Styvar;https://en.wikipedia.org/wiki/Clarence_Styvar;https://justfacts.votesmart.org/candidate/biography/171210/clarence-styvar;https://www.wyoleg.gov/Legislators/2023/H/2051;https://www.wyoleg.gov/Legislators/2025/H/2051;https://wyoleg.gov/Legislators/2019/R/2051;https://wyoleg.gov/Legislators/2021/R/2051;https://wyoleg.gov/LsoService/api/legislator/2021/H;https://wyoleg.gov/LsoService/api/legislator/2023/H;https://wyoleg.gov/LsoService/api/legislator/2051,,,,"580 Willson Court, Cheyenne, WY 82007",,,,,,ClarenceStyvar1,
ocd-person/9b6e58cd-4dbc-4554-a677-b362c913c069,Cody Wylie,Republican,39,lower,Cody,Wylie,Male,cody.wylie@wyoleg.gov,,,,https://wyoleg.gov/LegislatorSummary/Photos/67th-WylieCody.jpg,https://www.wyoleg.gov/Legislators/2023/H/2107;https://www.wyoleg.gov/Legislators/2025/H/2107;https://wyoleg.gov/Legislators/2021/R/2107,https://ballotpedia.org/Cody_Wylie;https://en.wikipedia.org/wiki/Cody_Wylie;https://justfacts.votesmart.org/candidate/biography/207704/cody-wylie;https://www.wyoleg.gov/Legislators/2023/H/2107;https://www.wyoleg.gov/Legislators/2025/H/2107;https://wyoleg.gov/LsoService/api/legislator/2023/H;https://wyoleg.gov/LsoService/api/legislator/2107,,,,"517 Archers Trail, Rock Springs, WY 82901",,,,,,,
ocd-person/416ee113-2983-43ab-bf24-3d7134767b41,Dalton Banks,Republican,26,lower,Dalton,Banks,Male,dalton.banks@wyoleg.gov,,,,https://wyoleg.gov/LegislatorSummary/Photos/68th-BanksDalton.jpg,https://www.wyoleg.gov/Legislators/2023/H/2101;https://www.wyoleg.gov/Legislators/2025/H/2101;https://wyoleg.gov/Legislators/2021/R/2101,https://ballotpedia.org/Dalton_Banks;https://en.wikipedia.org/wiki/Dalton_Banks;https://justfacts.votesmart.org/candidate/biography/207693/dalton-banks;https://www.linkedin.com/in/dalton-banks-164a3a228;https://www.wyoleg.gov/Legislators/2023/H/2101;https://www.wyoleg.gov/Legislators/2025/H/2101;https://wyoleg.gov/LsoService/api/legislator/2023/H;https://wyoleg.gov/LsoService/api/legislator/2101,,,,,,,,,,,
ocd-person/5395223c-9b56-410d-b18f-978d9e2a07a9,Dan Dockstader,Republican,16,upper,Dan,Dockstader,Male,dan.dockstader@wyoleg.gov,,1958-02-13,,https://wyoleg.gov/LegislatorSummary/Photos/68th-DockstaderDan.jpg,https://www.wyoleg.gov/Legislators/2023/S/1048;https://www.wyoleg.gov/Legislators/2025/S/1048;https://www.wyoleg.gov/Legislators/2026/S/1048;https://wyoleg.gov/Legislators/2019/R/1048;https://wyoleg.gov/Legislators/2021/R/1048,https://ballotpedia.org/Dan_Dockstader;https://en.wikipedia.org/wiki/Dan_Dockstader;https://justfacts.votesmart.org/candidate/66202/dan-dockstader;https://www.wyoleg.gov/Legislators/2023/S/1048;https://www.wyoleg.gov/Legislators/2025/S/1048;https://www.wyoleg.gov/Legislators/2026/S/1048;https://wyoleg.gov/Legislators/2019/R/1048;https://wyoleg.gov/Legislators/2021/R/1048;https://wyoleg.gov/LsoService/api/legislator/1048;https://wyoleg.gov/LsoService/api/legislator/2021/S;https://wyoleg.gov/LsoService/api/legislator/2023/S,,,,,,,,,,danforwyoming,
ocd-person/982cdb50-2a81-47b4-97e8-cf80b92d1412,Dan Laursen,Republican,19,upper,Dan,Laursen,Male,dan.laursen@wyoleg.gov,,1960-03-09,,https://wyoleg.gov/LegislatorSummary/Photos/68th-LaursenDan.jpg,https://www.wyoleg.gov/Legislators/2023/S/2006;https://www.wyoleg.gov/Legislators/2025/S/2006;https://wyoleg.gov/Legislators/2021/R/2006,https://ballotpedia.org/Dan_Laursen;https://en.wikipedia.org/wiki/Dan_Laursen;https://justfacts.votesmart.org/candidate/153967/dan-laursen;https://www.linkedin.com/in/representative-laursen-965ba0101;https://www.wyoleg.gov/Legislators/2023/S/2006;https://www.wyoleg.gov/Legislators/2025/S/2006;https://wyoleg.gov/LsoService/api/legislator/2006;https://wyoleg.gov/LsoService/api/legislator/2023/S,,,,"478 Road 8, Powell, WY 82435",307-271-0241,,,,,,
ocd-person/0a177e23-5f49-46dd-bc32-b2403ea7124c,Daniel Singh,Republican,61,lower,Daniel,Singh,Male,daniel.singh@wyoleg.gov,,,,https://wyoleg.gov/LegislatorSummary/Photos/68th-SinghDaniel.jpg,https://www.wyoleg.gov/Legislators/2023/H/2116;https://www.wyoleg.gov/Legislators/2025/H/2116;https://wyoleg.gov/Legislators/2021/R/2116,https://ballotpedia.org/Daniel_Singh;https://en.wikipedia.org/wiki/Daniel_Singh;https://justfacts.votesmart.org/candidate/biography/210274/daniel-singh;https://www.linkedin.com/in/daniel-singh-96b445227;https://www.wyoleg.gov/Legislators/2023/H/2116;https://www.wyoleg.gov/Legislators/2025/H/2116;https://wyoleg.gov/LsoService/api/legislator/2023/H;https://wyoleg.gov/LsoService/api/legislator/2116,,,,,,,,,,,
ocd-person/ff389664-aac3-4241-abc7-3a8e781e5989,Darin McCann,Republican,48,lower,Darin,McCann,Male,darin.mccann@wyoleg.gov,,,,https://wyoleg.gov/LegislatorSummary/Photos/68th-McCannDarin.jpg,https://wyoleg.gov/Legislators/2025/H/2130,https://ballotpedia.org/Darin_McCann;https://justfacts.votesmart.org/candidate/218347/darin-mccann;https://www.linkedin.com/in/darin-mccann-29258930;https://wyoleg.gov/Legislators/2025/H/2130,,,,"532 Quadrant Drive, Rock Springs, WY 82901",,,,,,,
ocd-person/13022d64-c748-4603-b60e-bd176383b8f1,Ed Cooper,Republican,20,upper,Ed,Cooper,Male,ed.cooper@wyoleg.gov,,,,https://wyoleg.gov/LegislatorSummary/Photos/68th-CooperEd.jpg,https://www.wyoleg.gov/Legislators/2023/S/2068;https://www.wyoleg.gov/Legislators/2025/S/2068;https://wyoleg.gov/Legislators/2021/R/2068,https://ballotpedia.org/Edward_Cooper;https://en.wikipedia.org/wiki/Ed_Cooper_(politician);https://justfacts.votesmart.org/candidate/194474/ed-cooper;https://www.wyoleg.gov/Legislators/2023/S/2068;https://www.wyoleg.gov/Legislators/2025/S/2068;https://wyoleg.gov/Legislators/2021/R/2068;https://wyoleg.gov/LsoService/api/legislator/2021/S;https://wyoleg.gov/LsoService/api/legislator/2023/S;https://wyoleg.gov/LsoService/api/legislator/2068,,,,,,,,,cooperforwystatesenate,WYSenatorCooper,
ocd-person/c0c75f8e-6d58-4197-9076-154528191d47,Elissa Campbell,Republican,56,lower,Elissa,Campbell,Female,elissa.campbell@wyoleg.gov,,,,https://wyoleg.gov/LegislatorSummary/Photos/68th-CampbellElissa.jpg,https://wyoleg.gov/Legislators/2025/H/2133,https://ballotpedia.org/Elissa_Campbell;https://justfacts.votesmart.org/candidate/biography/218357/elissa-campbell;https://www.linkedin.com/in/elissa-campbell-b6511b11;https://wyoleg.gov/Legislators/2025/H/2133,,,,"718 Divine Ave., Casper, WY 82601",,,,,,,
ocd-person/afa67bb0-3191-4dce-94ab-ddb3a9e7475c,Eric Barlow,Republican,23,upper,Eric,Barlow,Male,eric.barlow@wyoleg.gov,,1966-05-08,,https://wyoleg.gov/LegislatorSummary/Photos/68th-BarlowEric.jpg,https://www.wyoleg.gov/Legislators/2023/S/1995;https://www.wyoleg.gov/Legislators/2025/S/1995;https://wyoleg.gov/Legislators/2021/R/1995,https://ballotpedia.org/Eric_Barlow;https://en.wikipedia.org/wiki/Eric_Barlow;https://justfacts.votesmart.org/candidate/140045/eric-barlow;https://www.wyoleg.gov/Legislators/2023/S/1995;https://www.wyoleg.gov/Legislators/2025/S/1995;https://wyoleg.gov/LsoService/api/legislator/1995;https://wyoleg.gov/LsoService/api/legislator/2023/S,,,,"1625 A Buffalo Cut Across Road, Gillette, WY 82718",307-682-9639,,,,,,
ocd-person/7f287d7d-8f05-4116-8bcf-33174ecf1e9c,Evie Brennan,Republican,31,upper,Evie,Brennan,Female,evie.brennan@wyoleg.gov,,,,https://wyoleg.gov/LegislatorSummary/Photos/68th-BrennanEvie.jpg,https://www.wyoleg.gov/Legislators/2023/S/2090;https://www.wyoleg.gov/Legislators/2025/S/2090;https://wyoleg.gov/Legislators/2021/R/2090,https://ballotpedia.org/Evie_Brennan;https://en.wikipedia.org/wiki/Evie_Brennan;https://justfacts.votesmart.org/candidate/biography/207660/evie-brennan;https://www.linkedin.com/in/evie-brennan-3bb99170;https://www.wyoleg.gov/Legislators/2023/S/2090;https://www.wyoleg.gov/Legislators/2025/S/2090;https://wyoleg.gov/LsoService/api/legislator/2023/S;https://wyoleg.gov/LsoService/api/legislator/2090,,,,,,,,,,eviebrennanforwyosenate,
ocd-person/472c50ea-da65-42c3-a9b3-3639a9881a7f,Gary Brown,Republican,41,lower,Gary,Brown,Male,gary.brown@wyoleg.gov,,,,https://wyoleg.gov/LegislatorSummary/Photos/68th-BrownGary.jpg,https://wyoleg.gov/Legislators/2025/H/2140,https://ballotpedia.org/Gary_Brown_(Wyoming);https://justfacts.votesmart.org/candidate/biography/218338/gary-brown;https://wyoleg.gov/Legislators/2025/H/2140,,,,,,,,,,,
ocd-person/84464d31-bdbb-4687-9757-27794e64d319,Gary Crum,Republican,10,upper,Gary,Crum,Male,gary.crum@wyoleg.gov,,1959-08-12,,https://wyoleg.gov/LegislatorSummary/Photos/68th-CrumGary.jpg,https://wyoleg.gov/Legislators/2025/S/2144,https://ballotpedia.org/Gary_Crum_(Wyoming);https://en.wikipedia.org/wiki/Gary_Crum;https://justfacts.votesmart.org/candidate/218299/gary-crum;https://www.linkedin.com/in/gary-crum-9635b9126;https://wyoleg.gov/Legislators/2025/S/2144,,,,,,,,,,,
ocd-person/df82de40-cf5b-4197-b276-5e5982146849,Ivan Posey,Democratic,33,lower,Ivan,Posey,Male,ivan.posey@wyoleg.gov,,1960-01-11,,https://wyoleg.gov/LegislatorSummary/Photos/68th-PoseyIvan.jpg,https://www.poseyforhd33.com/;https://wyoleg.gov/Legislators/2025/H/2141,https://ballotpedia.org/Ivan_Posey;https://en.wikipedia.org/wiki/Ivan_Posey;https://justfacts.votesmart.org/candidate/218330/ivan-posey;https://www.linkedin.com/in/ivan-posey-802848132;https://www.poseyforhd33.com;https://www.poseyforhd33.com/about;https://wyoleg.gov/Legislators/2025/H/2141,,,,,,,,,,,
ocd-person/fc63a597-e32a-4c94-a2f2-7420f7836aeb,J.D. Williams,Republican,2,lower,J.D.,Williams,Male,jd.williams@wyoleg.gov,,,,https://wyoleg.gov/LegislatorSummary/Photos/68th-WilliamsJD.jpg,https://www.jdforstatehouse.com/;https://www.wyoleg.gov/Legislators/2025/H/2087;https://wyoleg.gov/Legislators/2021/R/2087,https://ballotpedia.org/J.D._Williams;https://en.wikipedia.org/wiki/J._D._Williams_(Wyoming_politician);https://justfacts.votesmart.org/candidate/200405/jd-williams;https://www.jdforstatehouse.com;https://www.jdforstatehouse.com/meet-jd;https://www.wyoleg.gov/Legislators/2025/H/2087;https://wyoleg.gov/LsoService/api/legislator/2021/H;https://wyoleg.gov/LsoService/api/legislator/2087,,,,"251A Greasewood Road, Lusk, WY 82225",,,,,,,
ocd-person/25e8e592-1425-4e8d-bcce-97ec84ef66c3,J.R. Riggins,Republican,59,lower,J.R.,Riggins,Male,jr.riggins@wyoleg.gov,,,,https://wyoleg.gov/LegislatorSummary/Photos/68th-RigginsJR.jpg,https://wyoleg.gov/Legislators/2025/H/2135;https://wyoleg.gov/Legislators/2025/R/2135,https://ballotpedia.org/J.R._Riggins;https://justfacts.votesmart.org/candidate/biography/218361/justin-riggins;https://wyoleg.gov/Legislators/2025/H/2135;https://wyoleg.gov/Legislators/2025/R/2135,,,,"1872 Jim Bridger Ave., Casper, WY 82604",,,,,,,
ocd-person/2a0be03f-4f0a-4b2e-850b-50b4d0dade13,J.T. Larson,Republican,17,lower,J.T.,Larson,Male,jt.larson@wyoleg.gov,,2001-04-06,,https://wyoleg.gov/LegislatorSummary/Photos/68th-LarsonJT.jpg,https://www.wyoleg.gov/Legislators/2023/H/2096;https://www.wyoleg.gov/Legislators/2025/H/2096;https://wyoleg.gov/Legislators/2021/R/2096,https://ballotpedia.org/J.T._Larson;https://en.wikipedia.org/wiki/J.T._Larson;https://justfacts.votesmart.org/candidate/biography/207679/joshua-larson;https://www.linkedin.com/in/j-t-larson-4a80a1197;https://www.wyoleg.gov/Legislators/2023/H/2096;https://www.wyoleg.gov/Legislators/2025/H/2096;https://wyoleg.gov/LsoService/api/legislator/2023/H;https://wyoleg.gov/LsoService/api/legislator/2096,,,,"606 Walnut St., Rock Springs, WY",,,,,,,
ocd-person/b598ad4e-6124-4863-ac74-dbb13630e7db,Jacob Wasserburger,Republican,11,lower,Jacob,Wasserburger,Male,jacob.wasserburger@wyoleg.gov,,,,https://wyoleg.gov/LegislatorSummary/Photos/68th-WasserburgerJacob.jpg,https://wyoleg.gov/Legislators/2025/H/2139,https://ballotpedia.org/Jacob_Wasserburger;https://en.wikipedia.org/wiki/Jacob_Wasserburger;https://justfacts.votesmart.org/candidate/biography/218313/jacob-wasserburger;https://wyoleg.gov/Legislators/2025/H/2139,,,,"1740 Dell Range Blvd. Suite H107, Cheyenne, WY 82009",,,,,,,
ocd-person/63e25ff3-1832-45c8-a9af-669bb74a3aa4,Jared Olsen,Republican,8,upper,Jared,Olsen,Male,jared.olsen@wyoleg.gov,,1987-10-10,,https://wyoleg.gov/LegislatorSummary/Photos/68th-OlsenJared.jpg,https://www.olsenforwyoming.com/;https://www.wyoleg.gov/Legislators/2023/H/2035;https://www.wyoleg.gov/Legislators/2025/S/2035;https://wyoleg.gov/Legislators/2019/R/2035;https://wyoleg.gov/Legislators/2021/R/2035,https://ballotpedia.org/Jared_Olsen;https://en.wikipedia.org/wiki/Jared_Olsen;https://www.linkedin.com/in/jaredsolsen;https://www.olsenforwyoming.com;https://www.olsenforwyoming.com/about-jared;https://www.wyoleg.gov/Legislators/2023/H/2035;https://www.wyoleg.gov/Legislators/2025/S/2035;https://wyoleg.gov/Legislators/2019/R/2035;https://wyoleg.gov/Legislators/2021/R/2035;https://wyoleg.gov/LsoService/api/legislator/2021/H;https://wyoleg.gov/LsoService/api/legislator/2023/H;https://wyoleg.gov/LsoService/api/legislator/2035,,,,,,,JaredSOlsen,,,repjaredolsen,
ocd-person/89408a3a-ae27-4a8d-aa93-0050a48cf93d,Jayme Lien,Republican,38,lower,Jayme,Lien,Female,jayme.lien@wyoleg.gov,,,,https://wyoleg.gov/LegislatorSummary/Photos/68th-LienJayme.jpg,https://wyoleg.gov/Legislators/2025/H/2126;https://wyoleg.gov/Legislators/2025/R/2126,https://ballotpedia.org/Jayme_Lien;https://justfacts.votesmart.org/candidate/biography/218333/jayme-lien;https://wyoleg.gov/Legislators/2025/H/2126;https://wyoleg.gov/Legislators/2025/R/2126,,,,"1624 Begonia St., Casper, WY 82604",,,,,,lienforwy,
ocd-person/b9bbea38-a84b-4173-a599-cd9f5500b181,Jeremy Haroldson,Republican,4,lower,Jeremy,Haroldson,Male,jeremy.haroldson@wyoleg.gov,,,,https://wyoleg.gov/LegislatorSummary/Photos/68th-HaroldsonJeremy.jpg,https://www.wyoleg.gov/Legislators/2023/H/2071;https://www.wyoleg.gov/Legislators/2025/H/2071;https://wyoleg.gov/Legislators/2021/R/2071,https://ballotpedia.org/Jeremy_Haroldson;https://en.wikipedia.org/wiki/Jeremy_Haroldson;https://justfacts.votesmart.org/candidate/194492/jeremy-haroldson;https://www.wyoleg.gov/Legislators/2023/H/2071;https://www.wyoleg.gov/Legislators/2025/H/2071;https://wyoleg.gov/Legislators/2021/R/2071;https://wyoleg.gov/LsoService/api/legislator/2021/H;https://wyoleg.gov/LsoService/api/legislator/2023/H;https://wyoleg.gov/LsoService/api/legislator/2071,,,,,,,,,,,
ocd-person/f40c41d5-b371-49c5-a597-db8435e613a0,Jim Anderson,Republican,28,upper,Jim,Anderson,Male,jim.anderson@wyoleg.gov,,1948-07-24,,https://wyoleg.gov/LegislatorSummary/Photos/68th-AndersonJim.jpg,https://www.wyoleg.gov/Legislators/2023/S/1985;https://www.wyoleg.gov/Legislators/2025/S/1985;https://www.wyoleg.gov/Legislators/2026/S/1985;https://wyoleg.gov/Legislators/2019/R/1985;https://wyoleg.gov/Legislators/2021/R/1985,https://ballotpedia.org/James_Anderson_(Wyoming_State_Senate_District_28);https://en.wikipedia.org/wiki/James_Lee_Anderson;https://justfacts.votesmart.org/candidate/141984/jim-anderson;https://www.linkedin.com/in/jim-anderson-10882361;https://www.wyoleg.gov/Legislators/2023/S/1985;https://www.wyoleg.gov/Legislators/2025/S/1985;https://www.wyoleg.gov/Legislators/2026/S/1985;https://wyoleg.gov/Legislators/2019/R/1985;https://wyoleg.gov/Legislators/2021/R/1985;https://wyoleg.gov/LsoService/api/legislator/1985;https://wyoleg.gov/LsoService/api/legislator/2021/S;https://wyoleg.gov/LsoService/api/legislator/2023/S,,,,"5941 S. Cedar St., Casper, WY 82601",,,,,,,
ocd-person/19e421d2-03a4-4a0a-86e8-b18b63d13822,Joe Webb,Republican,19,lower,Joe,Webb,Male,joe.webb@wyoleg.gov,,,,https://wyoleg.gov/LegislatorSummary/Photos/68th-WebbJoe.jpg,https://wyoleg.gov/Legislators/2025/H/2120,https://ballotpedia.org/Joseph_Webb_(Wyoming);https://en.wikipedia.org/wiki/Joe_Webb_(politician);https://justfacts.votesmart.org/candidate/218322/joe-webb;https://www.linkedin.com/in/joewebb82937;https://wyoleg.gov/Legislators/2025/H/2120,,,,,,,,,,,
ocd-person/39076643-ca3a-47d2-888e-d944eb4f5de9,Joel Guggenmos,Republican,55,lower,Joel,Guggenmos,Male,joel.guggenmos@wyoleg.gov,,,,https://wyoleg.gov/LegislatorSummary/Photos/68th-GuggenmosJoel.jpg,https://wyoleg.gov/Legislators/2025/H/2132,https://ballotpedia.org/Joel_Guggenmos;https://justfacts.votesmart.org/candidate/biography/218356/joel-guggenmos;https://wyoleg.gov/Legislators/2025/H/2132,,,,"1106 E. Adams Ave., Riverton, WY 82501",,,,,,,
ocd-person/931a9e71-33a6-4e65-be91-703ad612447e,John Bear,Republican,31,lower,John,Bear,Male,john.bear@wyoleg.gov,,,,https://wyoleg.gov/LegislatorSummary/Photos/68th-BearJohn.jpg,https://www.wyoleg.gov/Legislators/2023/H/2075;https://www.wyoleg.gov/Legislators/2025/H/2075;https://wyoleg.gov/Legislators/2021/R/2075,https://ballotpedia.org/John_Bear_(Wyoming);https://en.wikipedia.org/wiki/John_Bear_%28politician%29;https://justfacts.votesmart.org/candidate/194580/john-bear;https://www.linkedin.com/in/john-bear-105729a6;https://www.wyoleg.gov/Legislators/2023/H/2075;https://www.wyoleg.gov/Legislators/2025/H/2075;https://wyoleg.gov/Legislators/2021/R/2075;https://wyoleg.gov/LsoService/api/legislator/2021/H;https://wyoleg.gov/LsoService/api/legislator/2023/H;https://wyoleg.gov/LsoService/api/legislator/2075,,,,"409 Mills Ave., Gillette, WY 82718",,,,,,JohnBearforGillette,
ocd-person/a8a05d47-8306-4f20-a848-02c92db1fffe,John Kolb,Republican,12,upper,John,Kolb,Male,john.kolb@wyoleg.gov,,,,https://wyoleg.gov/LegislatorSummary/Photos/68th-KolbJohn.jpg,https://www.wyoleg.gov/Legislators/2023/S/2066;https://www.wyoleg.gov/Legislators/2025/S/2066;https://wyoleg.gov/Legislators/2021/R/2066,https://ballotpedia.org/John_Kolb;https://en.wikipedia.org/wiki/John_Kolb;https://justfacts.votesmart.org/candidate/biography/129296/john-kolb;https://www.wyoleg.gov/Legislators/2023/S/2066;https://www.wyoleg.gov/Legislators/2025/S/2066;https://wyoleg.gov/Legislators/2021/R/2066;https://wyoleg.gov/LsoService/api/legislator/2021/S;https://wyoleg.gov/LsoService/api/legislator/2023/S;https://wyoleg.gov/LsoService/api/legislator/2066,,,,"503 Cheyenne Drive, Rock Springs, WY 82901",,,,,,votekolb,
ocd-person/e79049b8-a6d9-4356-a190-fc1e90837d5d,John Winter,Republican,28,lower,John,Winter,Male,john.winter@wyoleg.gov,,,,https://wyoleg.gov/LegislatorSummary/Photos/68th-WinterJohn.jpg,https://www.wyoleg.gov/Legislators/2023/H/2056;https://www.wyoleg.gov/Legislators/2025/H/2056;https://wyoleg.gov/Legislators/2019/R/2056;https://wyoleg.gov/Legislators/2021/R/2056,https://ballotpedia.org/John_Winter_(Wyoming);https://en.wikipedia.org/wiki/John_Winter_(Wyoming_politician);https://justfacts.votesmart.org/candidate/biography/184072/john-winter;https://www.wyoleg.gov/Legislators/2023/H/2056;https://www.wyoleg.gov/Legislators/2025/H/2056;https://wyoleg.gov/Legislators/2019/R/2056;https://wyoleg.gov/Legislators/2021/R/2056;https://wyoleg.gov/LsoService/api/legislator/2021/H;https://wyoleg.gov/LsoService/api/legislator/2023/H;https://wyoleg.gov/LsoService/api/legislator/2056,,,,"P. O. Box 311, Thermopolis, WY 82443",,,,,,,
ocd-person/64428f70-4a9b-453d-b2f5-bbbdcdb370e5,Julie Jarvis,Republican,57,lower,Julie,Jarvis,Female,julie.jarvis@wyoleg.gov,,,,https://wyoleg.gov/LegislatorSummary/Photos/68th-JarvisJulie.jpg,https://wyoleg.gov/Legislators/2025/H/2134,https://ballotpedia.org/Julie_Jarvis;https://justfacts.votesmart.org/candidate/biography/218360/julie-jarvis;https://www.linkedin.com/in/dr-julie-jarvis;https://wyoleg.gov/Legislators/2025/H/2134,,,,,,,,,,,
ocd-person/970ff542-b60c-4a3b-bd63-492a38a0a878,Justin Fornstrom,Republican,10,lower,Justin,Fornstrom,Male,justin.fornstrom@wyoleg.gov,,,,https://wyoleg.gov/LegislatorSummary/Photos/68th-FornstromJustin.JPG,https://www.wyoleg.gov/Legislators/2025/H/2146,"https://ballotpedia.org/Justin_Fornstrom;https://ballotpedia.org/Justin_Fornstrom_(Mayor_of_Pine_Bluffs,_Wyoming,_candidate_2024);https://www.wyoleg.gov/Legislators/2025/H/2146",,,,,,,,,,,
ocd-person/588c810c-0a65-475b-9593-46fa556cb962,Karlee Provenza,Democratic,45,lower,Karlee,Provenza,Female,karlee.provenza@wyoleg.gov,,1989-10-09,,https://wyoleg.gov/LegislatorSummary/Photos/68th-ProvenzaKarlee.jpg,https://www.wyoleg.gov/Legislators/2023/H/2080;https://www.wyoleg.gov/Legislators/2025/H/2080;https://wyoleg.gov/Legislators/2021/D/2080,https://ballotpedia.org/Karlee_Provenza;https://en.wikipedia.org/wiki/Karlee_Provenza;https://justfacts.votesmart.org/candidate/194589/karlee-provenza;https://www.linkedin.com/in/karlee-provenza-ph-d-057303207;https://www.linkedin.com/in/karlee-r-provenza-717776122;https://www.wyoleg.gov/Legislators/2023/H/2080;https://www.wyoleg.gov/Legislators/2025/H/2080;https://wyoleg.gov/Legislators/2021/D/2080;https://wyoleg.gov/LsoService/api/legislator/2021/H;https://wyoleg.gov/LsoService/api/legislator/2023/H;https://wyoleg.gov/LsoService/api/legislator/2080,,,,,,,Provenza4Wyomin,,repprovenza,RepProvenza,
ocd-person/dcc60e43-41b3-44ef-976c-0604a295b9cd,Ken Chestek,Democratic,13,lower,Ken,Chestek,Male,ken.chestek@wyoleg.gov,,,,https://wyoleg.gov/LegislatorSummary/Photos/68th-ChestekKen.jpg,https://www.wyoleg.gov/Legislators/2023/H/2095;https://wyoleg.gov/Legislators/2021/D/2095,https://ballotpedia.org/Ken_Chestek;https://en.wikipedia.org/wiki/Ken_Chestek;https://justfacts.votesmart.org/candidate/biography/171292/ken-chestek;https://www.wyoleg.gov/Legislators/2023/H/2095;https://wyoleg.gov/LsoService/api/legislator/2023/H;https://wyoleg.gov/LsoService/api/legislator/2095,,,,,,,,,,,
ocd-person/15ae95ba-274d-4b7b-a2c7-a5cfb5e2b089,Ken Clouston,Republican,32,lower,Ken,Clouston,Male,ken.clouston@wyoleg.gov,,,,https://wyoleg.gov/LegislatorSummary/Photos/68th-CloustonKen.jpg,https://www.wyoleg.gov/Legislators/2023/H/2104;https://www.wyoleg.gov/Legislators/2025/H/2104;https://wyoleg.gov/Legislators/2021/R/2104,https://ballotpedia.org/Ken_Clouston;https://en.wikipedia.org/wiki/Ken_Clouston;https://justfacts.votesmart.org/candidate/biography/196263/ken-clouston;https://www.gillettept.com/ken-clouston;https://www.linkedin.com/in/ken-clouston-7639081a2;https://www.wyoleg.gov/Legislators/2023/H/2104;https://www.wyoleg.gov/Legislators/2025/H/2104;https://wyoleg.gov/LsoService/api/legislator/2023/H;https://wyoleg.gov/LsoService/api/legislator/2104,,,,"3830 Overdale Drive, Gillette, WY 82718",307-682-4900,,,,,reelectkenclouston,
ocd-person/b7a5cb78-6473-4b7b-9c27-90c8ab2130a5,Ken Pendergraft,Republican,29,lower,Ken,Pendergraft,Male,ken.pendergraft@wyoleg.gov,,,,https://wyoleg.gov/LegislatorSummary/Photos/68th-PendergraftKen.jpg,https://www.wyoleg.gov/Legislators/2023/H/2103;https://www.wyoleg.gov/Legislators/2025/H/2103;https://wyoleg.gov/Legislators/2021/R/2103,https://ballotpedia.org/Ken_Pendergraft;https://en.wikipedia.org/wiki/Ken_Pendergraft;https://justfacts.votesmart.org/candidate/194538/ken-pendergraft;https://www.linkedin.com/in/ken-pendergraft-544a8210;https://www.wyoleg.gov/Legislators/2023/H/2103;https://www.wyoleg.gov/Legislators/2025/H/2103;https://wyoleg.gov/LsoService/api/legislator/2023/H;https://wyoleg.gov/LsoService/api/legislator/2103,,,,"459 W. Burkitt St., Sheridan, WY 82801",,,,,,,
ocd-person/e6242790-9cdf-48ec-a5d3-aae3e5439733,Kevin Campbell,Republican,62,lower,Kevin,Campbell,Male,kevin.campbell@wyoleg.gov,,,,https://wyoleg.gov/LegislatorSummary/Photos/68th-CampbellKevin.jpg,https://wyoleg.gov/Legislators/2025/H/2136,https://ballotpedia.org/Kevin_Campbell_(Wyoming);https://justfacts.votesmart.org/candidate/218364/kevin-campbell;https://wyoleg.gov/Legislators/2025/H/2136,,,,,,,,,,,
ocd-person/7052600a-c1b3-484d-80a3-232fc9815d7c,Landon Brown,Republican,9,lower,Landon,Brown,Male,landon.brown@wyoleg.gov,,1987-02-26,,https://wyoleg.gov/LegislatorSummary/Photos/68th-BrownLandon.jpg,https://www.wyoleg.gov/Legislators/2023/H/2034;https://www.wyoleg.gov/Legislators/2025/H/2034;https://wyoleg.gov/Legislators/2019/R/2034;https://wyoleg.gov/Legislators/2021/R/2034,https://ballotpedia.org/Landon_Brown;https://en.wikipedia.org/wiki/Landon_Brown;https://justfacts.votesmart.org/candidate/biography/171204/landon-brown;https://www.linkedin.com/in/landon-brown-mpa-30790076;https://www.wyoleg.gov/Legislators/2023/H/2034;https://www.wyoleg.gov/Legislators/2025/H/2034;https://wyoleg.gov/Legislators/2019/R/2034;https://wyoleg.gov/Legislators/2021/R/2034;https://wyoleg.gov/LsoService/api/legislator/2021/H;https://wyoleg.gov/LsoService/api/legislator/2023/H;https://wyoleg.gov/LsoService/api/legislator/2034,,,,"5312 Opal Drive, Cheyenne, WY 82009",,,,,,lbrownHD09,
ocd-person/286af01e-ace3-4de2-b1c3-44756370d932,Larry Hicks,Republican,11,upper,Larry,Hicks,Male,larry.hicks@wyoleg.gov,,1958-12-30,,https://wyoleg.gov/LegislatorSummary/Photos/68th-HicksLarry.jpg,https://www.wyoleg.gov/Legislators/2023/S/1963;https://www.wyoleg.gov/Legislators/2025/S/1963;https://wyoleg.gov/Legislators/2019/R/1963;https://wyoleg.gov/Legislators/2021/R/1963,https://ballotpedia.org/Larry_S._Hicks_(Wyoming);https://en.wikipedia.org/wiki/Larry_S._Hicks;https://justfacts.votesmart.org/candidate/52685/larry-hicks;https://www.wyoleg.gov/Legislators/2023/S/1963;https://www.wyoleg.gov/Legislators/2025/S/1963;https://wyoleg.gov/Legislators/2019/R/1963;https://wyoleg.gov/Legislators/2021/R/1963;https://wyoleg.gov/LsoService/api/legislator/1963;https://wyoleg.gov/LsoService/api/legislator/2021/S;https://wyoleg.gov/LsoService/api/legislator/2023/S,,,,,,,,,,,
ocd-person/c6b78357-5a9d-41e9-b947-1d81227b0f15,Laura Pearson,Republican,14,upper,Laura,Pearson,Female,laura.pearson@wyoleg.gov,,,,https://wyoleg.gov/LegislatorSummary/Photos/68th-PearsonLaura.jpg,https://wyoleg.gov/Legislators/2025/R/2138;https://wyoleg.gov/Legislators/2025/S/2138,https://ballotpedia.org/Laura_Taliaferro_Pearson;https://en.wikipedia.org/wiki/Laura_Taliaferro_Pearson;https://justfacts.votesmart.org/candidate/218302/laura-taliaferro-pearson;https://www.linkedin.com/in/laura-pearson-80352334;https://wyoleg.gov/Legislators/2025/R/2138;https://wyoleg.gov/Legislators/2025/S/2138,,,,,,,,,,,
ocd-person/5eabff67-a57e-4fd5-b62c-3072d0374d56,Laurie Bratten,Republican,51,lower,Laurie,Bratten,Female,laurie.bratten@wyoleg.gov,,,,https://wyoleg.gov/LegislatorSummary/Photos/68th-BrattenLaurie.jpg,https://wyoleg.gov/Legislators/2025/H/2131,https://ballotpedia.org/Laurie_Bratten;https://justfacts.votesmart.org/candidate/biography/218354/laurie-bratten;https://www.linkedin.com/in/laurie-bratten-87591661;https://wyoleg.gov/Legislators/2025/H/2131,,,,"1004 Big Goose Road, Sheridan, WY 82801",307-683-1788,,,,,,
ocd-person/be3b0a04-4e00-42e4-9202-5c8f68aacedd,Lee Filer,Republican,44,lower,Lee,Filer,Male,lee.filer@wyoleg.gov,,1980-01-14,,https://wyoleg.gov/LegislatorSummary/Photos/68th-FilerLee.jpg,https://legisweb.state.wy.us/LegislatorSummary/LegDetail.aspx?LegID=1990;https://wyoleg.gov/Legislators/2025/H/1990,https://ballotpedia.org/Lee_Filer;https://en.wikipedia.org/wiki/Lee_Filer;https://justfacts.votesmart.org/candidate/biography/140049/lee-filer;https://legisweb.state.wy.us/LegislatorSummary/LegDetail.aspx?LegID=1990;https://legisweb.state.wy.us/LegislatorSummary/LegislatorList.aspx?strHouse=H&strStatus=N;https://www.linkedin.com/in/lee-filer-4320806a;https://wyoleg.gov/Legislators/2025/H/1990,,,,"1215 Medley Loop, Cheyenne, WY 82007",,,RepLeeFiler,,,,
ocd-person/7d3ea3c1-de6a-433f-83e2-c53dde09be61,Liz Storer,Democratic,23,lower,Liz,Storer,Female,liz.storer@wyoleg.gov,,,,https://wyoleg.gov/LegislatorSummary/Photos/68th-StorerLiz.jpg,https://www.wyoleg.gov/Legislators/2023/H/2100;https://www.wyoleg.gov/Legislators/2025/H/2100;https://wyoleg.gov/Legislators/2021/D/2100,https://ballotpedia.org/Liz_Storer;https://en.wikipedia.org/wiki/Liz_Storer;https://justfacts.votesmart.org/candidate/207688/liz-storer;https://www.linkedin.com/in/elizabeth-storer-4286198;https://www.wyoleg.gov/Legislators/2023/H/2100;https://www.wyoleg.gov/Legislators/2025/H/2100;https://wyoleg.gov/LsoService/api/legislator/2023/H;https://wyoleg.gov/LsoService/api/legislator/2100,,,,,,,,,replizstorer,replizstorer,
ocd-person/6466bd0e-d531-4ac0-8667-3e7f34a32f9a,Lloyd Larsen,Republican,54,lower,Lloyd,Larsen,Male,lloyd.larsen@wyoleg.gov,,,,https://wyoleg.gov/LegislatorSummary/Photos/68th-LarsenLloyd.jpg,https://www.wyoleg.gov/Legislators/2023/H/1988;https://www.wyoleg.gov/Legislators/2025/H/1988;https://wyoleg.gov/Legislators/2019/R/1988;https://wyoleg.gov/Legislators/2021/R/1988,https://ballotpedia.org/Lloyd_Charles_Larsen;https://en.wikipedia.org/wiki/Lloyd_Larsen;https://justfacts.votesmart.org/candidate/biography/140069/lloyd-larsen;https://www.linkedin.com/in/lloyd-larsen-ab29647;https://www.wyoleg.gov/Legislators/2023/H/1988;https://www.wyoleg.gov/Legislators/2025/H/1988;https://wyoleg.gov/Legislators/2019/R/1988;https://wyoleg.gov/Legislators/2021/R/1988;https://wyoleg.gov/LsoService/api/legislator/1988;https://wyoleg.gov/LsoService/api/legislator/2021/H;https://wyoleg.gov/LsoService/api/legislator/2023/H,,,,"1076 S. 2nd St., Lander, WY 82520",,,,,,Lloydfor54,
ocd-person/b91459e7-2049-4cf9-8b0b-f769ce373613,Lynn Hutchings,Republican,5,upper,Lynn,Hutchings,Female,lynn.hutchings@wyoleg.gov,,1960-09-06,,https://wyoleg.gov/LegislatorSummary/Photos/68th-HutchingsLynn.jpg,https://www.hutchingsforsenate.com/;https://www.wyoleg.gov/Legislators/2023/S/1997;https://www.wyoleg.gov/Legislators/2025/S/1997;https://wyoleg.gov/Legislators/2019/R/1997;https://wyoleg.gov/Legislators/2021/R/1997,https://ballotpedia.org/Lynn_Hutchings;https://en.wikipedia.org/wiki/Lynn_Hutchings;https://justfacts.votesmart.org/candidate/biography/127281/lynn-hutchings;https://www.hutchingsforsenate.com;https://www.hutchingsforsenate.com/message-about-lynn;https://www.wyoleg.gov/Legislators/2023/S/1997;https://www.wyoleg.gov/Legislators/2025/S/1997;https://wyoleg.gov/Legislators/2019/R/1997;https://wyoleg.gov/Legislators/2021/R/1997;https://wyoleg.gov/LsoService/api/legislator/1997;https://wyoleg.gov/LsoService/api/legislator/2021/S;https://wyoleg.gov/LsoService/api/legislator/2023/S,,,,,,,,,,,
ocd-person/65ae499e-9549-42e2-ab16-65b56eb0f8ab,Marilyn Connolly,Republican,40,lower,Marilyn,Connolly,Female,marilyn.connolly@wyoleg.gov,,,,https://wyoleg.gov/LegislatorSummary/Photos/68th-ConnollyMarilyn.jpg,https://wyoleg.gov/Legislators/2025/H/2127,https://ballotpedia.org/Marilyn_Connoly;https://justfacts.votesmart.org/candidate/biography/218336/marilyn-connoly;https://wyoleg.gov/Legislators/2025/H/2127,,,,"859 N. DeSmet Ave., Buffalo, WY 82834",,,,,,,
ocd-person/b2d0dc89-4104-4f6e-a1eb-bbc9dafbefa9,Marlene Brady,Republican,60,lower,Marlene,Brady,Female,marlene.brady@wyoleg.gov,,,,https://wyoleg.gov/LegislatorSummary/Photos/68th-BradyMarlene.jpg,https://wyoleg.gov/Legislators/2025/H/2143,https://ballotpedia.org/Marlene_Brady;https://en.wikipedia.org/wiki/Marlene_Brady;https://justfacts.votesmart.org/candidate/218362/marlene-brady;https://wyoleg.gov/Legislators/2025/H/2143,,,,,,,,,,,
ocd-person/c954b74f-1933-4be4-801d-cc93f7f37ac0,Martha Lawley,Republican,27,lower,Martha,Lawley,Female,martha.lawley@wyoleg.gov,,,,https://wyoleg.gov/LegislatorSummary/Photos/68th-LawleyMartha.jpg,https://www.wyoleg.gov/Legislators/2023/H/2102;https://www.wyoleg.gov/Legislators/2025/H/2102;https://wyoleg.gov/Legislators/2021/R/2102,https://ballotpedia.org/Martha_Lawley;https://en.wikipedia.org/wiki/Martha_Lawley;https://justfacts.votesmart.org/candidate/biography/207696/martha-lawley;https://www.marthalawley.com;https://www.wyoleg.gov/Legislators/2023/H/2102;https://www.wyoleg.gov/Legislators/2025/H/2102;https://wyoleg.gov/LsoService/api/legislator/2023/H;https://wyoleg.gov/LsoService/api/legislator/2102,,,,"818 Sagebrush Drive, Worland, WY 82401",,,,,representativemarthalawley,RepresentativeMarthaLawley,
ocd-person/f3fe63a7-b938-41c4-b2f5-b4069949a163,McKay Erickson,Republican,21,lower,McKay,Erickson,Male,mckay.erickson@wyoleg.gov,,,,https://wyoleg.gov/LegislatorSummary/Photos/68th-EricksonMcKay.jpg,https://wyoleg.gov/Legislators/2025/R/2122,https://ballotpedia.org/McKay_Erickson;https://en.wikipedia.org/wiki/McKay_Erickson;https://justfacts.votesmart.org/candidate/biography/218324/mckay-erickson;https://wyoleg.gov/Legislators/2025/R/2122,,,,"2886 Highway 241, Afton, WY 83110",,,,,,Erickson4Wyoming,
ocd-person/587874e4-f0c9-4679-aa08-a2442b7d33b1,Mike Gierau,Democratic,17,upper,Mike,Gierau,Male,mike.gierau@wyoleg.gov,,1959-03-18,,https://wyoleg.gov/LegislatorSummary/Photos/68th-GierauMike.jpg,https://www.wyoleg.gov/Legislators/2023/S/2027;https://www.wyoleg.gov/Legislators/2025/S/2027;https://wyoleg.gov/Legislators/2019/D/2027;https://wyoleg.gov/Legislators/2021/D/2027,https://ballotpedia.org/Mike_Gierau;https://en.wikipedia.org/wiki/Mike_Gierau;https://justfacts.votesmart.org/candidate/biography/52778/mike-gierau;https://www.linkedin.com/in/mike-gierau-0851ba2a;https://www.wyoleg.gov/Legislators/2023/S/2027;https://www.wyoleg.gov/Legislators/2025/S/2027;https://wyoleg.gov/Legislators/2019/D/2027;https://wyoleg.gov/Legislators/2021/D/2027;https://wyoleg.gov/LsoService/api/legislator/2021/S;https://wyoleg.gov/LsoService/api/legislator/2023/S;https://wyoleg.gov/LsoService/api/legislator/2027,,,,,,,,,,Mike4Wyolegislature,
ocd-person/4c9350f0-084c-4ba2-be0d-9ee0b5f6c629,Mike Schmid,Republican,20,lower,Mike,Schmid,Male,mike.schmid@wyoleg.gov,,,,https://wyoleg.gov/LegislatorSummary/Photos/68th-SchmidMike.jpg,https://wyoleg.gov/Legislators/2025/H/2121,https://ballotpedia.org/Michael_Schmid;https://en.wikipedia.org/wiki/Mike_Schmid_(politician);https://justfacts.votesmart.org/candidate/biography/207683/michael-schmid;https://www.linkedin.com/in/mike-schmid-5335a91a;https://wyoleg.gov/Legislators/2025/H/2121,,,,,,,mikeschmid,,,MDSchmid,
ocd-person/28649646-1108-4954-9381-4aa2d3b6f31b,Mike Yin,Democratic,16,lower,Mike,Yin,Male,mike.yin@wyoleg.gov,,1986-03-14,,https://wyoleg.gov/LegislatorSummary/Photos/68th-YinMike.jpg,https://www.wyoleg.gov/Legislators/2023/H/2054;https://www.wyoleg.gov/Legislators/2025/H/2054;https://wyoleg.gov/Legislators/2019/D/2054;https://wyoleg.gov/Legislators/2021/D/2054,https://ballotpedia.org/Mike_Yin;https://en.wikipedia.org/wiki/Mike_Yin;https://justfacts.votesmart.org/candidate/biography/184068/mike-yin;https://www.linkedin.com/in/yincrash;https://www.wyoleg.gov/Legislators/2023/H/2054;https://www.wyoleg.gov/Legislators/2025/H/2054;https://wyoleg.gov/Legislators/2019/D/2054;https://wyoleg.gov/Legislators/2021/D/2054;https://wyoleg.gov/LsoService/api/legislator/2021/H;https://wyoleg.gov/LsoService/api/legislator/2023/H;https://wyoleg.gov/LsoService/api/legislator/2054,,,,,,,itsmikeyin,,mikeyinforwy,mikeyinhd16,
ocd-person/86d51e65-7fef-49ff-a19a-60984fe2fab2,Nina Webber,Republican,24,lower,Nina,Webber,Female,nina.webber@wyoleg.gov,,,,https://wyoleg.gov/LegislatorSummary/Photos/68th-WebberNina.jpg,https://wyoleg.gov/Legislators/2025/H/2123,https://ballotpedia.org/Nina_Webber;https://en.wikipedia.org/wiki/Nina_Webber;https://justfacts.votesmart.org/candidate/biography/194535/nina-webber;https://www.linkedin.com/in/nina-webber-798bb467;https://wyoleg.gov/Legislators/2025/H/2123,,,,"1108 14th St. Suite 108, Cody, WY 82414",,,,,,,
ocd-person/d811f813-1093-449a-a4dc-5d02c704ee49,Ocean Andrew,Republican,46,lower,Ocean,Andrew,Male,ocean.andrew@wyoleg.gov,,1994-03-24,,https://wyoleg.gov/LegislatorSummary/Photos/66th-AndrewOcean.jpg,https://www.wyoleg.gov/Legislators/2023/H/2081;https://www.wyoleg.gov/Legislators/2025/H/2081;https://wyoleg.gov/Legislators/2021/R/2081,https://ballotpedia.org/Ocean_Andrew;https://en.wikipedia.org/wiki/Ocean_Andrew;https://justfacts.votesmart.org/candidate/biography/194591/ocean-andrew;https://www.linkedin.com/in/ocean-andrew-07a321b9;https://www.wyoleg.gov/Legislators/2023/H/2081;https://www.wyoleg.gov/Legislators/2025/H/2081;https://wyoleg.gov/Legislators/2021/R/2081;https://wyoleg.gov/LsoService/api/legislator/2021/H;https://wyoleg.gov/LsoService/api/legislator/2023/H;https://wyoleg.gov/LsoService/api/legislator/2081,,,,,,,,,,,
ocd-person/e72a31cf-cefd-42c1-9620-967af32a2f48,Ogden Driskill,Republican,1,upper,Ogden,Driskill,Male,ogden.driskill@wyoleg.gov,,1959-07-24,,https://wyoleg.gov/LegislatorSummary/Photos/68th-DriskillOgden.jpg,https://www.wyoleg.gov/Legislators/2023/S/1972;https://www.wyoleg.gov/Legislators/2025/S/1972;https://wyoleg.gov/Legislators/2019/R/1972;https://wyoleg.gov/Legislators/2021/R/1972,https://ballotpedia.org/Ogden_Driskill;https://en.wikipedia.org/wiki/Ogden_Driskill;https://justfacts.votesmart.org/candidate/biography/52627/ogden-driskill;https://www.linkedin.com/in/ogden-driskill-b43bb610;https://www.wyoleg.gov/Legislators/2023/S/1972;https://www.wyoleg.gov/Legislators/2025/S/1972;https://wyoleg.gov/Legislators/2019/R/1972;https://wyoleg.gov/Legislators/2021/R/1972;https://wyoleg.gov/LsoService/api/legislator/1972;https://wyoleg.gov/LsoService/api/legislator/2021/S;https://wyoleg.gov/LsoService/api/legislator/2023/S,,,,,,,DriskillOgden,,,VoteOgdenDriskill,
ocd-person/4e09e885-4101-4e95-8560-17d35caad18c,Pam Thayer,Republican,15,lower,Pam,Thayer,Female,pam.thayer@wyoleg.gov,,,,https://wyoleg.gov/LegislatorSummary/Photos/68th-ThayerPamela.jpg,https://www.wyoleg.gov/Legislators/2025/H/2119,https://ballotpedia.org/Pam_Thayer;https://en.wikipedia.org/wiki/Pam_Thayer;https://justfacts.votesmart.org/candidate/biography/218319/pamela-thayer;https://www.linkedin.com/in/pam-thayer-289a5918b;https://www.wyoleg.gov/Legislators/2025/H/2119,,,,"219 W. Maple St., Rawlins, WY 82301",,,,,,,
ocd-person/d110d38a-8f1f-4056-b89d-d7d46613c72a,Paul Hoeft,Republican,25,lower,Paul,Hoeft,Male,paul.hoeft@wyoleg.gov,,,,https://wyoleg.gov/LegislatorSummary/Photos/68th-HoeftPaul.jpg,https://wyoleg.gov/Legislators/2025/H/2124,https://ballotpedia.org/Paul_Hoeft;https://justfacts.votesmart.org/candidate/biography/218326/paul-hoeft;https://www.linkedin.com/in/paul-hoeft-3b7017a2;https://wyoleg.gov/Legislators/2025/H/2124,,,,,,,,,,,
ocd-person/9c9a9e1b-8107-40ac-b667-a8e75c5f806d,Pepper Ottman,Republican,34,lower,Pepper,Ottman,Female,pepper.ottman@wyoleg.gov,,,,https://wyoleg.gov/LegislatorSummary/Photos/68th-OttmanPepper.jpg,https://www.wyoleg.gov/Legislators/2023/H/2076;https://www.wyoleg.gov/Legislators/2025/H/2076;https://wyoleg.gov/Legislators/2021/R/2076,https://ballotpedia.org/Pepper_Ottman;https://en.wikipedia.org/wiki/Pepper_Ottman;https://justfacts.votesmart.org/candidate/194583/pepper-ottman;https://www.wyoleg.gov/Legislators/2023/H/2076;https://www.wyoleg.gov/Legislators/2025/H/2076;https://wyoleg.gov/Legislators/2021/R/2076;https://wyoleg.gov/LsoService/api/legislator/2021/H;https://wyoleg.gov/LsoService/api/legislator/2023/H;https://wyoleg.gov/LsoService/api/legislator/2076,,,,,,,,,,,
ocd-person/2fc47a70-0bf7-4d7c-bda2-5cdbf75a99ea,Rachel Rodriguez-Williams,Republican,50,lower,Rachel,Rodriguez-Williams,Female,rachel.rodriguez-williams@wyoleg.gov,,1978-02-14,,https://wyoleg.gov/LegislatorSummary/Photos/68th-Rodriguez-WilliamsRachel.jpg,https://www.wyoleg.gov/Legislators/2023/H/2083;https://www.wyoleg.gov/Legislators/2025/H/2083;https://wyoleg.gov/Legislators/2021/R/2083,https://ballotpedia.org/Rachel_Rodriguez-Williams;https://en.wikipedia.org/wiki/Rachel_Rodriguez-Williams;https://justfacts.votesmart.org/candidate/194595/rachel-rodriguez-williams;https://www.linkedin.com/in/rachel-rodriguez-williams-93335b80;https://www.wyoleg.gov/Legislators/2023/H/2083;https://www.wyoleg.gov/Legislators/2025/H/2083;https://wyoleg.gov/Legislators/2021/R/2083;https://wyoleg.gov/LsoService/api/legislator/2021/H;https://wyoleg.gov/LsoService/api/legislator/2023/H;https://wyoleg.gov/LsoService/api/legislator/2083,,,,,,,RepRachelRW,,,,
ocd-person/8b636fd9-d6e2-4369-9764-c56803244076,Reuben Tarver,Republican,52,lower,Reuben,Tarver,Male,reuben.tarver@wyoleg.gov,,,,https://wyoleg.gov/LegislatorSummary/Photos/68th-TarverReuben.jpg,https://www.wyoleg.gov/Legislators/2023/H/2112;https://www.wyoleg.gov/Legislators/2025/H/2112;https://wyoleg.gov/Legislators/2021/R/2112,https://ballotpedia.org/Reuben_Tarver;https://en.wikipedia.org/wiki/Reuben_Tarver;https://justfacts.votesmart.org/candidate/biography/207717/reuben-tarver;https://www.linkedin.com/in/reuben-tarver-70174178;https://www.wyoleg.gov/Legislators/2023/H/2112;https://www.wyoleg.gov/Legislators/2025/H/2112;https://wyoleg.gov/LsoService/api/legislator/2023/H;https://wyoleg.gov/LsoService/api/legislator/2112,,,,"8185 N. Highway 14-16, Gillette, WY 82716",,,,,,tarverforwyoming,
ocd-person/219dcec3-8f83-401b-91df-1a79ac725889,Rob Geringer,Republican,42,lower,Rob,Geringer,Male,rob.geringer@wyoleg.gov,,,,https://wyoleg.gov/LegislatorSummary/Photos/68th-GeringerRob.jpg,https://wyoleg.gov/Legislators/2025/H/2142,https://ballotpedia.org/Rob_Geringer;https://justfacts.votesmart.org/candidate/218339/rob-geringer;https://www.linkedin.com/in/robgeringer;https://wyoleg.gov/Legislators/2025/H/2142,,,,,,,GeringerForWyo,,,GeringerWyo,
ocd-person/bc53e98d-bd3c-4a67-9822-68e609f45251,Bob Wharff,Republican,49,lower,Bob,Wharff,Male,robert.wharff@wyoleg.gov,,,,https://wyoleg.gov/LegislatorSummary/Photos/68th-WharffRobert.jpg,https://wyoleg.gov/Legislators/2021/R/2082;https://wyoleg.gov/Legislators/2025/H/2082,https://ballotpedia.org/Robert_Wharff;https://en.wikipedia.org/wiki/Robert_Wharff;https://justfacts.votesmart.org/candidate/biography/194594/robert-wharff;https://www.linkedin.com/in/robert-wharff-1143ba1a5;https://www.linkedin.com/in/robert-wharff-23584927;https://wyoleg.gov/Legislators/2021/R/2082;https://wyoleg.gov/Legislators/2025/H/2082;https://wyoleg.gov/LsoService/api/legislator/2021/H;https://wyoleg.gov/LsoService/api/legislator/2082,,,,"137 Shady Lane, Evanston, WY 82930",,,,,,Robert-Wharff-for-Wyoming,
ocd-person/232d6600-4cfd-40a1-abb9-8a1eecd84768,Scott Heiner,Republican,18,lower,Scott,Heiner,Male,scott.heiner@wyoleg.gov,,,,https://wyoleg.gov/LegislatorSummary/Photos/68th-HeinerScott.jpg,https://www.wyoleg.gov/Legislators/2023/H/2074;https://wyoleg.gov/Legislators/2021/R/2074,https://ballotpedia.org/Scott_Heiner;https://en.wikipedia.org/wiki/Scott_Heiner;https://justfacts.votesmart.org/candidate/biography/171225/scott-heiner;https://www.linkedin.com/in/scott-heiner-9a1a8420;https://www.wyoleg.gov/Legislators/2023/H/2074;https://wyoleg.gov/Legislators/2021/R/2074;https://wyoleg.gov/LsoService/api/legislator/2021/H;https://wyoleg.gov/LsoService/api/legislator/2023/H;https://wyoleg.gov/LsoService/api/legislator/2074,,,,,,,,,,,
ocd-person/201b5fe9-4060-4dfa-ae2c-c59a3a3120ff,Scott Smith,Republican,5,lower,Scott,Smith,Male,scott.smith@wyoleg.gov,,,,https://wyoleg.gov/LegislatorSummary/Photos/67th-SmithScott.jpg,https://www.wyoleg.gov/Legislators/2023/H/2093;https://www.wyoleg.gov/Legislators/2025/H/2093;https://wyoleg.gov/Legislators/2021/R/2093,https://ballotpedia.org/Scott_Smith_(Wyoming);https://en.wikipedia.org/wiki/Scott_Smith_%28Wyoming_politician%29;https://justfacts.votesmart.org/candidate/biography/207663/scott-smith;https://www.wyoleg.gov/Legislators/2023/H/2093;https://www.wyoleg.gov/Legislators/2025/H/2093;https://wyoleg.gov/LsoService/api/legislator/2023/H;https://wyoleg.gov/LsoService/api/legislator/2093,,,,,,,,,,ScottSmithWyo,
ocd-person/343a76eb-5672-433a-9d39-f34b6f683cab,Stacy Jones,Republican,13,upper,Stacy,Jones,Female,stacy.jones@wyoleg.gov,,,,https://wyoleg.gov/LegislatorSummary/Photos/68th-JonesStacy.jpg,https://www.wyoleg.gov/Legislators/2023/S/2088;https://www.wyoleg.gov/Legislators/2025/S/2088;https://wyoleg.gov/Legislators/2021/R/2088,https://ballotpedia.org/Stacy_Jones;https://en.wikipedia.org/wiki/Stacy_Jones_(Wyoming_politician);https://justfacts.votesmart.org/candidate/207656/stacy-jones;https://www.linkedin.com/in/realtorwyo;https://www.wyoleg.gov/Legislators/2023/S/2088;https://www.wyoleg.gov/Legislators/2025/S/2088;https://wyoleg.gov/LsoService/api/legislator/2023/S;https://wyoleg.gov/LsoService/api/legislator/2088,,,,"927 Whitewater Drive, Rock Springs, WY 82901",,,stacybjones1,,,Jones4Wyoming,
ocd-person/f46abbfe-3a0a-4657-a4ac-fbc418adfcc7,Stephan Pappas,Republican,7,upper,Stephan,Pappas,Male,stephan.pappas@wyoleg.gov,,1950-12-14,,https://wyoleg.gov/LegislatorSummary/Photos/68th-PappasStephan.jpg,https://www.wyoleg.gov/Legislators/2023/S/2008;https://www.wyoleg.gov/Legislators/2025/S/2008;https://wyoleg.gov/Legislators/2019/R/2008;https://wyoleg.gov/Legislators/2021/R/2008,https://ballotpedia.org/Stephan_Pappas;https://en.wikipedia.org/wiki/Stephan_Pappas;https://justfacts.votesmart.org/candidate/153702/stephan-pappas;https://www.linkedin.com/in/stephanpappas;https://www.wyoleg.gov/Legislators/2023/S/2008;https://www.wyoleg.gov/Legislators/2025/S/2008;https://wyoleg.gov/Legislators/2019/R/2008;https://wyoleg.gov/Legislators/2021/R/2008;https://wyoleg.gov/LsoService/api/legislator/2008;https://wyoleg.gov/LsoService/api/legislator/2021/S;https://wyoleg.gov/LsoService/api/legislator/2023/S,,,,"1500 E. 22nd St., Cheyenne, WY 82001",,,PappasStephan,,,pappasforwy,
ocd-person/1f6a3489-e152-487f-852a-23fc40a22185,Steve Harshman,Republican,37,lower,Steve,Harshman,Male,steve.harshman@wyoleg.gov,,,,https://wyoleg.gov/LegislatorSummary/Photos/68th-HarshmanSteve.jpg,https://www.wyoleg.gov/Legislators/2023/H/717;https://www.wyoleg.gov/Legislators/2025/H/717;https://wyoleg.gov/Legislators/2019/R/717;https://wyoleg.gov/Legislators/2021/R/717,https://ballotpedia.org/Steve_Harshman;https://en.wikipedia.org/wiki/Steve_Harshman;https://justfacts.votesmart.org/candidate/52736/steve-harshman;https://www.wyoleg.gov/Legislators/2023/H/717;https://www.wyoleg.gov/Legislators/2025/H/717;https://wyoleg.gov/Legislators/2019/R/717;https://wyoleg.gov/Legislators/2021/R/717;https://wyoleg.gov/LsoService/api/legislator/2021/H;https://wyoleg.gov/LsoService/api/legislator/2023/H;https://wyoleg.gov/LsoService/api/legislator/717,,,,"4286 Moonbeam Road, Casper, WY 82604",,,SteveHarshman,,,,
ocd-person/51b4d190-c5b4-4860-acb9-a6569f26e064,Steve Johnson,Republican,8,lower,Steve,Johnson,Male,steve.johnson@wyoleg.gov,,,,https://wyoleg.gov/LegislatorSummary/Photos/68th-JohnsonSteve.jpg,https://wyoleg.gov/Legislators/2025/H/2118,https://ballotpedia.org/Steve_Johnson_(Wyoming);https://en.wikipedia.org/wiki/Steve_Johnson_(Wyoming_politician);https://justfacts.votesmart.org/candidate/207671/stephen-johnson;https://wyoleg.gov/Legislators/2025/H/2118,,,,"11234 Coonrod Road, Cheyenne, WY 82009",,,,,,staterepresentativestevejohnson,
ocd-person/e6276406-b441-4265-a110-7e3f9b8b0e3f,Taft Love,Republican,6,upper,Taft,Love,Male,taft.love@wyoleg.gov,,,,https://wyoleg.gov/LegislatorSummary/Photos/68th-LoveTaft.jpg,https://wyoleg.gov/Legislators/2026/R/2145,https://ballotpedia.org/Taft_Love;https://en.wikipedia.org/wiki/Taft_Love;https://justfacts.votesmart.org/candidate/218298/taft-love;https://www.linkedin.com/in/taft-love-231148101;https://wyoleg.gov/Legislators/2026/R/2145,,,,"1463 Earhart Drive, Cheyenne, WY 82009",,,,,,,
ocd-person/f20c9c17-f2bd-4c88-9f6f-208af6a61f26,Tara Nethercott,Republican,4,upper,Tara,Nethercott,Female,tara.nethercott@wyoleg.gov,,,,https://wyoleg.gov/LegislatorSummary/Photos/68th-NethercottTara.jpg,https://www.wyoleg.gov/Legislators/2023/S/2029;https://www.wyoleg.gov/Legislators/2025/S/2029;https://wyoleg.gov/Legislators/2019/R/2029;https://wyoleg.gov/Legislators/2021/R/2029,https://ballotpedia.org/Tara_Nethercott;https://crowleyfleck.com/biography/tara-b-nethercott;https://en.wikipedia.org/wiki/Tara_Nethercott;https://justfacts.votesmart.org/candidate/biography/171165/tara-nethercott;https://www.wyoleg.gov/Legislators/2023/S/2029;https://www.wyoleg.gov/Legislators/2025/S/2029;https://wyoleg.gov/Legislators/2019/R/2029;https://wyoleg.gov/Legislators/2021/R/2029;https://wyoleg.gov/LsoService/api/legislator/2021/S;https://wyoleg.gov/LsoService/api/legislator/2023/S;https://wyoleg.gov/LsoService/api/legislator/2029,,,,,,,,,,wyosenatornethercott,
ocd-person/057afdb5-3c0e-4503-b6cd-50ba6df1aaab,Tim French,Republican,18,upper,Tim,French,Male,tim.french@wyoleg.gov,,,,https://wyoleg.gov/LegislatorSummary/Photos/68th-FrenchTim.jpg,https://www.wyoleg.gov/Legislators/2023/S/2067;https://www.wyoleg.gov/Legislators/2025/S/2067;https://wyoleg.gov/Legislators/2021/R/2067,https://ballotpedia.org/Tim_French;https://en.wikipedia.org/wiki/Tim_French;https://justfacts.votesmart.org/candidate/100304/tim-french;https://www.wyoleg.gov/Legislators/2023/S/2067;https://www.wyoleg.gov/Legislators/2025/S/2067;https://wyoleg.gov/Legislators/2021/R/2067;https://wyoleg.gov/LsoService/api/legislator/2021/S;https://wyoleg.gov/LsoService/api/legislator/2023/S;https://wyoleg.gov/LsoService/api/legislator/2067,,,,,,,,,,,
ocd-person/4f702d02-54ad-4143-837a-09be9a03ee6e,Tim Salazar,Republican,26,upper,Tim,Salazar,Male,tim.salazar@wyoleg.gov,,,,https://wyoleg.gov/LegislatorSummary/Photos/68th-SalazarTim.jpg,https://www.wyoleg.gov/Legislators/2023/S/2028;https://www.wyoleg.gov/Legislators/2025/S/2028;https://wyoleg.gov/Legislators/2019/R/2028;https://wyoleg.gov/Legislators/2021/R/2028,https://ballotpedia.org/Tim_Salazar;https://en.wikipedia.org/wiki/Tim_Salazar;https://justfacts.votesmart.org/candidate/biography/153981/tim-salazar;https://www.wyoleg.gov/Legislators/2023/S/2028;https://www.wyoleg.gov/Legislators/2025/S/2028;https://wyoleg.gov/Legislators/2019/R/2028;https://wyoleg.gov/Legislators/2021/R/2028;https://wyoleg.gov/LsoService/api/legislator/2021/S;https://wyoleg.gov/LsoService/api/legislator/2023/S;https://wyoleg.gov/LsoService/api/legislator/2028,,,,"331 Peterson Road, Riverton, WY 82501",,,,,,,
ocd-person/312edf5d-1dad-475a-b3bd-4b58f5f98ad4,Tom Kelly,Republican,30,lower,Tom,Kelly,Male,tom.kelly@wyoleg.gov,,,,https://wyoleg.gov/LegislatorSummary/Photos/68th-KellyTom.jpg,https://wyoleg.gov/Legislators/2025/H/2125,https://ballotpedia.org/Thomas_Kelly_(Wyoming);https://en.wikipedia.org/wiki/Tom_Kelly_(Wyoming_politician);https://justfacts.votesmart.org/candidate/biography/207650/thomas-kelly;https://www.linkedin.com/in/thomas-kelly-9052b6238;https://wyoleg.gov/Legislators/2025/H/2125,,,,"412 Airport Road, Sheridan, WY 82801",,,,,,,
ocd-person/d1ac363d-41ed-4c2c-a661-6e400d0b7d57,Tomi Strock,Republican,6,lower,Tomi,Strock,Female,tomi.strock@wyoleg.gov,,,,https://wyoleg.gov/LegislatorSummary/Photos/68th-StrockTomi.jpg,https://www.wyoleg.gov/Legislators/2023/H/2094;https://www.wyoleg.gov/Legislators/2025/H/2094;https://wyoleg.gov/Legislators/2021/R/2094,https://ballotpedia.org/Tomi_Strock;https://en.wikipedia.org/wiki/Tomi_Strock;https://justfacts.votesmart.org/candidate/biography/207664/tomi-strock;https://www.linkedin.com/in/tom-strock-665b2a92;https://www.wyoleg.gov/Legislators/2023/H/2094;https://www.wyoleg.gov/Legislators/2025/H/2094;https://wyoleg.gov/LsoService/api/legislator/2023/H;https://wyoleg.gov/LsoService/api/legislator/2094,,,,"125 Cherokee Trail, Douglas, WY 82633",,,,,,,
ocd-person/0cd9d0d3-09eb-4cf1-8e5b-bfc15a71b337,Tony Locke,Republican,35,lower,Tony,Locke,Male,tony.locke@wyoleg.gov,,,,https://wyoleg.gov/LegislatorSummary/Photos/68th-LockeTony.jpg,https://www.wyoleg.gov/Legislators/2023/H/2106;https://www.wyoleg.gov/Legislators/2025/H/2106;https://wyoleg.gov/Legislators/2021/R/2106,https://ballotpedia.org/Tony_Locke;https://en.wikipedia.org/wiki/Tony_Locke_(politician);https://justfacts.votesmart.org/candidate/biography/207702/tony-locke;https://www.wyoleg.gov/Legislators/2023/H/2106;https://www.wyoleg.gov/Legislators/2025/H/2106;https://wyoleg.gov/LsoService/api/legislator/2023/H;https://wyoleg.gov/LsoService/api/legislator/2106,,,,,,,,,,,
ocd-person/b2265fcb-f768-4617-ad03-15f5b65af79f,Trey Sherwood,Democratic,14,lower,Trey,Sherwood,Female,trey.sherwood@wyoleg.gov,,,,https://wyoleg.gov/LegislatorSummary/Photos/68th-SherwoodTrey.jpg,https://www.wyoleg.gov/Legislators/2023/H/2072;https://www.wyoleg.gov/Legislators/2025/H/2072;https://wyoleg.gov/Legislators/2021/D/2072,https://ballotpedia.org/Trey_Sherwood;https://en.wikipedia.org/wiki/Trey_Sherwood;https://www.linkedin.com/in/treysherwood;https://www.wyoleg.gov/Legislators/2023/H/2072;https://www.wyoleg.gov/Legislators/2025/H/2072;https://wyoleg.gov/Legislators/2021/D/2072;https://wyoleg.gov/LsoService/api/legislator/2021/H;https://wyoleg.gov/LsoService/api/legislator/2023/H;https://wyoleg.gov/LsoService/api/legislator/2072,,,,,,,LaradiseLady,,reptreysherwood,reptreysherwood,
ocd-person/c1525bf9-8a43-4807-b72a-e42f94267b09,Troy McKeown,Republican,24,upper,Troy,McKeown,Male,troy.mckeown@wyoleg.gov,,,,https://wyoleg.gov/LegislatorSummary/Photos/68th-McKeownTroy.jpg,https://www.wyoleg.gov/Legislators/2023/S/2069;https://www.wyoleg.gov/Legislators/2025/S/2069;https://wyoleg.gov/Legislators/2021/R/2069,https://ballotpedia.org/Troy_McKeown;https://en.wikipedia.org/wiki/Troy_McKeown;https://justfacts.votesmart.org/candidate/biography/194471/troy-mckeown;https://www.wyoleg.gov/Legislators/2023/S/2069;https://www.wyoleg.gov/Legislators/2025/S/2069;https://wyoleg.gov/Legislators/2021/R/2069;https://wyoleg.gov/LsoService/api/legislator/2021/S;https://wyoleg.gov/LsoService/api/legislator/2023/S;https://wyoleg.gov/LsoService/api/legislator/2069,,,,"1330 Columbine Drive, Gillette, WY 82718",,,,,,WYStateSenatorTroyMcKeown,
ocd-person/6dd13000-c423-47d8-9fbb-3cbcf730d7fe,Wendy Schuler,Republican,15,upper,Wendy,Schuler,Female,wendy.schuler@wyoleg.gov,,,,https://wyoleg.gov/LegislatorSummary/Photos/68th-SchulerWendy.jpg,https://www.wyoleg.gov/Legislators/2023/S/2062;https://www.wyoleg.gov/Legislators/2025/S/2062;https://wyoleg.gov/Legislators/2019/R/2062;https://wyoleg.gov/Legislators/2021/R/2062,https://ballotpedia.org/Wendy_Davis_Schuler;https://en.wikipedia.org/wiki/Wendy_Davis_Schuler;https://justfacts.votesmart.org/candidate/biography/184028/wendy-schuler;https://www.linkedin.com/in/wendy-schuler-872bb39b;https://www.wyoleg.gov/Legislators/2023/S/2062;https://www.wyoleg.gov/Legislators/2025/S/2062;https://wyoleg.gov/Legislators/2019/R/2062;https://wyoleg.gov/Legislators/2021/R/2062;https://wyoleg.gov/LsoService/api/legislator/2021/S;https://wyoleg.gov/LsoService/api/legislator/2023/S;https://wyoleg.gov/LsoService/api/legislator/2062,,,,"200 Liberty Ave., Evanston, WY 82930",,,,,,,
