cc3,country,fe_breach_serious,fe_breach,gdppc,egdi,vdem,gci,english,log_gdppc
AUS,Australia,0.891,0.941,58224.4860340825,0.9024240000000001,0.8667272727272728,97.47,1.0,10.97206126747584
GBR,UK,0.798,0.83,42839.088769323935,0.904098,0.8634545454545454,99.54,1.0,10.665206253778132
JEY,Jersey,0.788,0.879,,,,,,
HKG,Hong-Kong,0.633,0.659,41679.56001812791,,0.3350909090909091,,1.0,10.637766120184581
DNK,Denmark,0.457,0.687,59007.91949930373,0.8893740000000001,0.9191818181818182,92.6,0.0,10.985426942681736
FIN,Finland,0.427,0.695,47620.074128040345,0.880762,0.8807272727272728,95.78,0.0,10.771009676697357
NOR,Norway,0.42,0.722,88192.47255620753,0.853762,0.8948181818181818,96.89,0.0,11.387276893185062
NLD,Netherlands,0.406,0.737,51421.353665049304,0.8933019999999999,0.8744545454545455,97.05,0.0,10.847808806125823
NZL,New-Zealand,0.391,0.599,40872.23794100376,0.87645,0.8863636363636364,84.04,1.0,10.618206332607599
ZAF,South-Africa,0.385,0.519,6935.927120905966,0.575856,0.754090909090909,78.46,1.0,8.844470011038677
IND,India,0.356,0.652,1669.5789157034328,0.47867,0.5568181818181818,97.49,1.0,7.420326727331212
URY,Uruguay,0.339,0.355,17030.376264504273,0.746586,0.8998181818181817,75.15,0.0,9.742753867629
SGP,Singapore,0.334,0.499,58215.24758943456,0.8868079999999999,0.4108181818181818,98.52,1.0,10.97190258547993
LUX,Luxembourg,0.333,0.407,114110.22993267827,0.798304,0.873,97.41,0.0,11.644920189435707
NIC,Nicaragua,0.33,0.313,1918.7070828441538,0.39106,0.31136363636363634,9.0,0.0,7.55940684383801
PYF,French-Polynesia,0.33,0.321,21231.435768325693,,,,0.0,9.963238181629848
KEN,Kenya,0.302,0.581,1523.7835648025582,0.441392,0.4934545454545454,81.7,1.0,7.328951708315012
SYC,Seychelles,0.294,0.284,15126.83752913949,0.5713619999999999,0.5467272727272727,13.23,1.0,9.62422576504967
UGA,Uganda,0.294,0.316,819.0567385352292,0.358624,0.2999090909090909,69.98,1.0,6.708153359274265
CAN,Canada,0.293,0.865,47592.89912495946,0.836206,0.827,97.67,1.0,10.77043885104429
MLT,Malta,0.291,0.612,27374.147063288874,0.752624,0.7838181818181819,83.65,1.0,10.217354309127968
BRA,Brazil,0.289,0.716,10483.017649528641,0.6711280000000001,0.8107272727272726,96.6,0.0,9.257511860084527
ARG,Argentina,0.279,0.483,12024.310542414598,0.7025159999999999,0.7663636363636364,50.12,0.0,9.39468575798009
BEL,Belgium,0.278,0.43,45335.14241006516,0.785658,0.9003636363636364,96.25,0.0,10.72183778135823
NGA,Nigeria,0.264,0.377,2526.612990543419,0.342166,0.5194545454545455,84.76,1.0,7.834634945894403
BTN,Bhutan,0.263,0.254,3019.5105052416216,0.386556,0.5825454545454545,18.34,0.0,8.012850012874747
GGY,Guernsey,0.261,0.274,,,,,,
GRC,Greece,0.26,0.491,20768.882959723047,0.735064,0.8734545454545455,93.98,0.0,9.941211133995047
ZWE,Zimbabwe,0.244,0.212,1697.3357140574205,0.38701599999999997,0.29127272727272724,36.49,1.0,7.436815073634335
EST,Estonia,0.244,0.324,19863.00661724854,0.849206,0.8932727272727273,99.48,0.0,9.896614316737367
HUN,Hungary,0.241,0.319,14471.203971123963,0.711886,0.6325454545454545,91.28,0.0,9.579916020803052
ITA,Italy,0.232,0.354,34246.89413704385,0.779722,0.8631818181818182,96.13,0.0,10.441351157448391
CYP,Cyprus,0.208,0.503,27948.582563920456,0.699106,0.8411818181818181,88.82,0.0,10.238121764020734
BIH,Bosnia-and-Herzegovina,0.202,0.217,5241.815686608459,0.536562,0.5448181818181819,29.44,0.0,8.564423222374018
MDA,Moldova,0.2,0.214,3365.5855525002185,0.613246,0.5952727272727273,75.78,0.0,8.121357239570466
SUR,Suriname,0.198,0.188,7404.932917811626,0.45724,0.7498181818181817,31.2,0.0,8.909901667621247
COL,Colombia,0.196,0.193,6881.026324537918,0.660348,0.6630909090909092,63.72,0.0,8.83652309488008
AND,Andorra,0.193,0.182,41694.62944996321,0.652748,,26.38,0.0,10.638127609323979
BMU,Bermuda,0.185,0.206,106178.35239684852,,,,1.0,11.572875528941067
NAM,Namibia,0.183,0.174,5104.861224941643,0.435994,0.6653636363636364,11.47,1.0,8.537948546084635
GRL,Greenland,0.181,0.172,49233.87271165003,,,,0.0,10.804337135342806
GTM,Guatemala,0.169,0.166,3819.579006966128,0.449388,0.5916363636363636,13.13,0.0,8.247895487926828
GEO,Georgia,0.168,0.256,4360.854594503574,0.6356900000000001,0.6128181818181818,81.07,0.0,8.380423325049703
BGR,Bulgaria,0.163,0.207,8432.451698409657,0.661716,0.6481818181818182,67.38,0.0,9.039842838892085
ARM,Armenia,0.163,0.297,3763.866724524554,0.5830420000000001,0.444,50.47,0.0,8.23320209214124
ZMB,Zambia,0.154,0.161,1455.198969399916,0.343188,0.4344545454545454,68.88,1.0,7.282897918984802
RWA,Rwanda,0.154,0.145,721.3844917548727,0.39299,0.22309090909090912,79.95,1.0,6.581172270809578
MKD,Macedonia,0.154,0.145,5796.420052474981,0.591736,0.5055454545454545,89.92,0.0,8.664995773636315
CMR,Cameroon,0.154,0.145,1514.6686418432046,0.33866399999999997,0.30763636363636365,45.63,1.0,7.322951975765833
LKA,Sri-Lanka,0.154,0.145,3815.1343343173426,0.553572,0.4987272727272727,58.65,0.0,8.246731155239475
ROU,Romania,0.149,0.159,10351.277163666948,0.631568,0.707,76.29,0.0,9.24486518853642
BLR,Belarus,0.146,0.136,6580.726871540581,0.689856,0.23854545454545456,50.57,0.0,8.791900485017836
TZA,Tanzania,0.134,0.126,949.3049538352284,0.354856,0.4336363636363636,90.58,1.0,6.8557300892826785
SVK,Slovakia,0.13,0.19,18128.014735710192,0.66654,0.838090909090909,92.36,0.0,9.805213796137613
NPL,Nepal,0.129,0.132,918.8513908798573,0.35827400000000004,0.5645454545454546,44.99,0.0,6.823124401858367
ALB,Albania,0.127,0.12,4899.168545285319,0.5890920000000001,0.5272727272727273,64.32,0.0,8.496820785065003
PNG,Papua-New-Guinea,0.107,0.115,2447.708266637257,0.216918,0.4556363636363637,26.33,1.0,7.802907464405351
KOR,South-Korea,0.074,0.084,30281.909556530336,0.9246079999999999,0.7747272727272727,98.52,0.0,10.318305768856584
IRN,Iran,0.025,0.045,5724.821753592981,0.534182,0.17172727272727273,81.06,0.0,8.65256669319416
