cc3,n_incidents,n_legislative,n_party,n_election,source_id,dataset_version,zenodo_record,retrieved_date
USA,34,15,13,6,eurepoc,1.3,14965395,2026-08-08
DEU,10,4,5,1,eurepoc,1.3,14965395,2026-08-08
PHL,7,5,1,1,eurepoc,1.3,14965395,2026-08-08
TWN,7,2,5,0,eurepoc,1.3,14965395,2026-08-08
PAK,6,1,3,2,eurepoc,1.3,14965395,2026-08-08
FRA,6,3,2,1,eurepoc,1.3,14965395,2026-08-08
RUS,6,2,1,3,eurepoc,1.3,14965395,2026-08-08
GBR,6,4,1,1,eurepoc,1.3,14965395,2026-08-08
UKR,6,2,2,2,eurepoc,1.3,14965395,2026-08-08
AUS,6,4,1,1,eurepoc,1.3,14965395,2026-08-08
BEL,5,5,0,0,eurepoc,1.3,14965395,2026-08-08
THA,5,3,2,0,eurepoc,1.3,14965395,2026-08-08
PSE,5,2,3,0,eurepoc,1.3,14965395,2026-08-08
VEN,5,3,0,2,eurepoc,1.3,14965395,2026-08-08
MEX,5,2,1,2,eurepoc,1.3,14965395,2026-08-08
ESP,5,2,2,1,eurepoc,1.3,14965395,2026-08-08
IND,5,1,3,1,eurepoc,1.3,14965395,2026-08-08
KOR,5,2,2,1,eurepoc,1.3,14965395,2026-08-08
NLD,4,2,2,0,eurepoc,1.3,14965395,2026-08-08
MYS,4,2,2,0,eurepoc,1.3,14965395,2026-08-08
KHM,4,2,1,1,eurepoc,1.3,14965395,2026-08-08
VNM,4,3,1,0,eurepoc,1.3,14965395,2026-08-08
ISR,4,1,3,0,eurepoc,1.3,14965395,2026-08-08
IRN,4,4,0,0,eurepoc,1.3,14965395,2026-08-08
ZWE,4,0,3,1,eurepoc,1.3,14965395,2026-08-08
CZE,4,2,0,2,eurepoc,1.3,14965395,2026-08-08
ITA,3,0,3,0,eurepoc,1.3,14965395,2026-08-08
HKG,3,1,2,0,eurepoc,1.3,14965395,2026-08-08
CHE,3,2,1,0,eurepoc,1.3,14965395,2026-08-08
IDN,3,2,1,0,eurepoc,1.3,14965395,2026-08-08
AUT,3,0,3,0,eurepoc,1.3,14965395,2026-08-08
GEO,3,1,0,2,eurepoc,1.3,14965395,2026-08-08
NOR,3,2,1,0,eurepoc,1.3,14965395,2026-08-08
JPN,3,1,2,0,eurepoc,1.3,14965395,2026-08-08
CAN,2,1,0,1,eurepoc,1.3,14965395,2026-08-08
MNE,2,1,1,0,eurepoc,1.3,14965395,2026-08-08
BRA,2,1,1,0,eurepoc,1.3,14965395,2026-08-08
NZL,2,2,0,0,eurepoc,1.3,14965395,2026-08-08
LTU,2,1,1,0,eurepoc,1.3,14965395,2026-08-08
SWE,2,2,0,0,eurepoc,1.3,14965395,2026-08-08
TUR,2,1,1,0,eurepoc,1.3,14965395,2026-08-08
URY,2,0,2,0,eurepoc,1.3,14965395,2026-08-08
ZAF,2,0,2,0,eurepoc,1.3,14965395,2026-08-08
LVA,2,2,0,0,eurepoc,1.3,14965395,2026-08-08
AFG,2,2,0,0,eurepoc,1.3,14965395,2026-08-08
EGY,2,1,1,0,eurepoc,1.3,14965395,2026-08-08
KWT,2,2,0,0,eurepoc,1.3,14965395,2026-08-08
LBN,1,1,0,0,eurepoc,1.3,14965395,2026-08-08
AZE,1,0,0,1,eurepoc,1.3,14965395,2026-08-08
SLV,1,1,0,0,eurepoc,1.3,14965395,2026-08-08
SVK,1,0,1,0,eurepoc,1.3,14965395,2026-08-08
SYR,1,0,1,0,eurepoc,1.3,14965395,2026-08-08
BGD,1,1,0,0,eurepoc,1.3,14965395,2026-08-08
TUN,1,0,0,1,eurepoc,1.3,14965395,2026-08-08
IRL,1,0,1,0,eurepoc,1.3,14965395,2026-08-08
EST,1,1,0,0,eurepoc,1.3,14965395,2026-08-08
BGR,1,0,0,1,eurepoc,1.3,14965395,2026-08-08
HND,1,0,1,0,eurepoc,1.3,14965395,2026-08-08
ARG,1,0,1,0,eurepoc,1.3,14965395,2026-08-08
ARE,1,0,0,1,eurepoc,1.3,14965395,2026-08-08
ALB,1,1,0,0,eurepoc,1.3,14965395,2026-08-08
YEM,1,1,0,0,eurepoc,1.3,14965395,2026-08-08
GRC,1,0,1,0,eurepoc,1.3,14965395,2026-08-08
SAU,1,1,0,0,eurepoc,1.3,14965395,2026-08-08
ROU,1,1,0,0,eurepoc,1.3,14965395,2026-08-08
LAO,1,1,0,0,eurepoc,1.3,14965395,2026-08-08
KAZ,1,0,0,1,eurepoc,1.3,14965395,2026-08-08
MDA,1,0,0,1,eurepoc,1.3,14965395,2026-08-08
COL,1,0,1,0,eurepoc,1.3,14965395,2026-08-08
MMR,1,0,0,1,eurepoc,1.3,14965395,2026-08-08
MNG,1,0,0,1,eurepoc,1.3,14965395,2026-08-08
AIA,1,0,1,0,eurepoc,1.3,14965395,2026-08-08
KGZ,1,0,1,0,eurepoc,1.3,14965395,2026-08-08
NPL,1,1,0,0,eurepoc,1.3,14965395,2026-08-08
BHR,1,1,0,0,eurepoc,1.3,14965395,2026-08-08
ECU,1,1,0,0,eurepoc,1.3,14965395,2026-08-08
BTN,1,1,0,0,eurepoc,1.3,14965395,2026-08-08
PAN,1,1,0,0,eurepoc,1.3,14965395,2026-08-08
IRQ,1,1,0,0,eurepoc,1.3,14965395,2026-08-08
POL,1,1,0,0,eurepoc,1.3,14965395,2026-08-08
PRI,1,1,0,0,eurepoc,1.3,14965395,2026-08-08
FIN,1,1,0,0,eurepoc,1.3,14965395,2026-08-08
