ccodealp,year,egov_egov
AFG,2002,0.11752
AFG,2003,0.13367
AFG,2004,0.14898
AFG,2007,0.2048
AFG,2009,0.20976
AFG,2011,0.17014
AFG,2013,0.19003
AFG,2015,0.23132
AFG,2017,0.2585
AFG,2019,0.3203
AFG,2021,0.271
AFG,2023,0.20827
ALB,2002,0.31079
ALB,2003,0.33998
ALB,2004,0.37316
ALB,2007,0.467
ALB,2009,0.45192
ALB,2011,0.51606
ALB,2013,0.50455
ALB,2015,0.53305
ALB,2017,0.6519
ALB,2019,0.7399
ALB,2021,0.7413
ALB,2023,0.8
DZA,2002,0.36993
DZA,2003,0.32476
DZA,2004,0.32423
DZA,2007,0.3515
DZA,2009,0.3181
DZA,2011,0.36077
DZA,2013,0.31064
DZA,2015,0.29991
DZA,2017,0.4227
DZA,2019,0.5173
DZA,2021,0.5611
DZA,2023,0.59556
AND,2002,0.17416
AND,2003,0.15633
AND,2004,0.18363
AND,2007,0.5175
AND,2009,0.51478
AND,2011,0.61718
AND,2013,0.6426
AND,2015,0.63016
AND,2017,0.6857
AND,2019,0.6881
AND,2021,0.7177
AND,2023,0.68931
AGO,2002,0.19222
AGO,2003,0.1998
AGO,2004,0.184
AGO,2007,0.3328
AGO,2009,0.31098
AGO,2011,0.32028
AGO,2013,0.29703
AGO,2015,0.33114
AGO,2017,0.3376
AGO,2019,0.3847
AGO,2021,0.3789
AGO,2023,0.41487
ATG,2002,0.36443
ATG,2003,0.36565
ATG,2004,0.40102
ATG,2007,0.4485
ATG,2009,0.51536
ATG,2011,0.63447
ATG,2013,0.59266
ATG,2015,0.48922
ATG,2017,0.5906
ATG,2019,0.6055
ATG,2021,0.6113
ATG,2023,0.64282
AZE,2002,0.36351
AZE,2003,0.38607
AZE,2004,0.37733
AZE,2007,0.4609
AZE,2009,0.45706
AZE,2011,0.49838
AZE,2013,0.5472
AZE,2015,0.62741
AZE,2017,0.6574
AZE,2019,0.71
AZE,2021,0.6937
AZE,2023,0.76073
ARG,2002,0.57704
ARG,2003,0.58712
ARG,2004,0.59713
ARG,2007,0.5844
ARG,2009,0.54668
ARG,2011,0.62279
ARG,2013,0.63059
ARG,2015,0.6978
ARG,2017,0.7335
ARG,2019,0.8279
ARG,2021,0.8198
ARG,2023,0.85733
AUS,2002,0.83106
AUS,2003,0.83766
AUS,2004,0.86786
AUS,2007,0.8108
AUS,2009,0.78627
AUS,2011,0.839
AUS,2013,0.91034
AUS,2015,0.91428
AUS,2017,0.9053
AUS,2019,0.9432
AUS,2021,0.9405
AUS,2023,0.9577
AUT,2002,0.6756
AUT,2003,0.74873
AUT,2004,0.76023
AUT,2007,0.7428
AUT,2009,0.66793
AUT,2011,0.78395
AUT,2013,0.79124
AUT,2015,0.82081
AUT,2017,0.8301
AUT,2019,0.8914
AUT,2021,0.8801
AUT,2023,0.90653
BHS,2002,0.42893
BHS,2003,0.46489
BHS,2004,0.46756
BHS,2007,0.4911
BHS,2009,0.48706
BHS,2011,0.57932
BHS,2013,0.49
BHS,2015,0.51084
BHS,2017,0.6552
BHS,2019,0.7017
BHS,2021,0.7277
BHS,2023,0.71434
BHR,2002,0.50974
BHR,2003,0.53234
BHR,2004,0.52815
BHR,2007,0.5723
BHR,2009,0.73625
BHR,2011,0.69461
BHR,2013,0.80885
BHR,2015,0.77335
BHR,2017,0.8116
BHR,2019,0.8213
BHR,2021,0.7707
BHR,2023,0.91958
BGD,2002,0.16537
BGD,2003,0.17875
BGD,2004,0.17618
BGD,2007,0.2936
BGD,2009,0.30278
BGD,2011,0.29913
BGD,2013,0.27572
BGD,2015,0.37995
BGD,2017,0.4862
BGD,2019,0.5189
BGD,2021,0.563
BGD,2023,0.65696
ARM,2002,0.37673
ARM,2003,0.39188
ARM,2004,0.36248
ARM,2007,0.4182
ARM,2009,0.40247
ARM,2011,0.49967
ARM,2013,0.58969
ARM,2015,0.51785
ARM,2017,0.5944
ARM,2019,0.7136
ARM,2021,0.7364
ARM,2023,0.84217
BRB,2002,0.41283
BRB,2003,0.45626
BRB,2004,0.49202
BRB,2007,0.5667
BRB,2009,0.57144
BRB,2011,0.65655
BRB,2013,0.5933
BRB,2015,0.631
BRB,2017,0.7229
BRB,2019,0.7279
BRB,2021,0.7117
BRB,2023,0.6815
BEL,2002,0.67008
BEL,2003,0.75247
BEL,2004,0.73806
BEL,2007,0.6779
BEL,2009,0.72246
BEL,2011,0.77181
BEL,2013,0.75638
BEL,2015,0.7874
BEL,2017,0.808
BEL,2019,0.8047
BEL,2021,0.8269
BEL,2023,0.81212
BTN,2002,0.1568
BTN,2003,0.15896
BTN,2004,0.29405
BTN,2007,0.3074
BTN,2009,0.25983
BTN,2011,0.29418
BTN,2013,0.28285
BTN,2015,0.35065
BTN,2017,0.4274
BTN,2019,0.5777
BTN,2021,0.5521
BTN,2023,0.6511
BOL,2002,0.41076
BOL,2003,0.38634
BOL,2004,0.40174
BOL,2007,0.4867
BOL,2009,0.42797
BOL,2011,0.46584
BOL,2013,0.45617
BOL,2015,0.48212
BOL,2017,0.5307
BOL,2019,0.6129
BOL,2021,0.6165
BOL,2023,0.66508
BIH,2002,0.309
BIH,2003,0.37898
BIH,2004,0.40189
BIH,2007,0.4509
BIH,2009,0.46978
BIH,2011,0.53279
BIH,2013,0.47069
BIH,2015,0.51183
BIH,2017,0.5303
BIH,2019,0.6372
BIH,2021,0.6256
BIH,2023,0.63293
BWA,2002,0.34664
BWA,2003,0.38271
BWA,2004,0.39775
BWA,2007,0.3647
BWA,2009,0.36373
BWA,2011,0.41863
BWA,2013,0.41984
BWA,2015,0.45315
BWA,2017,0.4253
BWA,2019,0.5383
BWA,2021,0.5495
BWA,2023,0.61178
BRA,2002,0.52673
BRA,2003,0.56746
BRA,2004,0.59811
BRA,2007,0.5679
BRA,2009,0.50058
BRA,2011,0.61673
BRA,2013,0.60082
BRA,2015,0.63769
BRA,2017,0.7327
BRA,2019,0.7677
BRA,2021,0.791
BRA,2023,0.84026
BLZ,2002,0.42213
BLZ,2003,0.41495
BLZ,2004,0.38152
BLZ,2007,0.4102
BLZ,2009,0.35127
BLZ,2011,0.39232
BLZ,2013,0.37738
BLZ,2015,0.38253
BLZ,2017,0.4115
BLZ,2019,0.4548
BLZ,2021,0.5005
BLZ,2023,0.48719
SLB,2002,0.28363
SLB,2003,0.26996
SLB,2004,0.26685
SLB,2007,0.2748
SLB,2009,0.24454
SLB,2011,0.24162
SLB,2013,0.20871
SLB,2015,0.24062
SLB,2017,0.2816
SLB,2019,0.3442
SLB,2021,0.353
SLB,2023,0.36811
BRN,2002,0.45876
BRN,2003,0.46323
BRN,2004,0.44753
BRN,2007,0.4667
BRN,2009,0.47955
BRN,2011,0.62502
BRN,2013,0.50424
BRN,2015,0.52981
BRN,2017,0.6923
BRN,2019,0.7389
BRN,2021,0.727
BRN,2023,0.75536
BGR,2002,0.54801
BGR,2003,0.54172
BGR,2004,0.56047
BGR,2007,0.5719
BGR,2009,0.55902
BGR,2011,0.61315
BGR,2013,0.54209
BGR,2015,0.63764
BGR,2017,0.7177
BGR,2019,0.798
BGR,2021,0.7766
BGR,2023,0.81453
MMR,2002,0.27996
MMR,2003,0.30305
MMR,2004,0.29593
MMR,2007,0.2922
MMR,2009,0.28177
MMR,2011,0.27033
MMR,2013,0.18694
MMR,2015,0.23619
MMR,2017,0.3328
MMR,2019,0.4316
MMR,2021,0.4994
MMR,2023,0.50007
BDI,2002,0.18075
BDI,2003,0.15666
BDI,2004,0.16425
BDI,2007,0.1788
BDI,2009,0.20138
BDI,2011,0.22882
BDI,2013,0.19278
BDI,2015,0.22771
BDI,2017,0.2985
BDI,2019,0.3227
BDI,2021,0.3204
BDI,2023,0.24805
BLR,2002,0.3965
BLR,2003,0.48884
BLR,2004,0.53184
BLR,2007,0.5213
BLR,2009,0.48996
BLR,2011,0.609
BLR,2013,0.60529
BLR,2015,0.66249
BLR,2017,0.7641
BLR,2019,0.8084
BLR,2021,0.758
BLR,2023,0.74449
KHM,2002,0.26369
KHM,2003,0.2859
KHM,2004,0.29891
KHM,2007,0.2989
KHM,2009,0.28784
KHM,2011,0.29021
KHM,2013,0.29986
KHM,2015,0.25927
KHM,2017,0.3753
KHM,2019,0.5113
KHM,2021,0.5056
KHM,2023,0.57536
CMR,2002,0.27003
CMR,2003,0.25606
CMR,2004,0.25
CMR,2007,0.2734
CMR,2009,0.27223
CMR,2011,0.30698
CMR,2013,0.27823
CMR,2015,0.27591
CMR,2017,0.3997
CMR,2019,0.4325
CMR,2021,0.4498
CMR,2023,0.42935
CAN,2002,0.80644
CAN,2003,0.83687
CAN,2004,0.84251
CAN,2007,0.8172
CAN,2009,0.84479
CAN,2011,0.84299
CAN,2013,0.84177
CAN,2015,0.82847
CAN,2017,0.8258
CAN,2019,0.842
CAN,2021,0.8511
CAN,2023,0.84516
CPV,2002,0.32225
CPV,2003,0.3442
CPV,2004,0.33464
CPV,2007,0.4158
CPV,2009,0.40537
CPV,2011,0.42974
CPV,2013,0.35505
CPV,2015,0.47418
CPV,2017,0.498
CPV,2019,0.5604
CPV,2021,0.566
CPV,2023,0.62378
CAF,2002,0.0
CAF,2003,0.0
CAF,2004,0.0
CAF,2007,0.1412
CAF,2009,0.13989
CAF,2011,0.0
CAF,2013,0.12574
CAF,2015,0.07888
CAF,2017,0.1584
CAF,2019,0.1404
CAF,2021,0.1407
CAF,2023,0.0947
LKA,2002,0.38529
LKA,2003,0.37484
LKA,2004,0.39504
LKA,2007,0.4244
LKA,2009,0.39949
LKA,2011,0.43566
LKA,2013,0.54176
LKA,2015,0.54454
LKA,2017,0.5751
LKA,2019,0.6708
LKA,2021,0.6285
LKA,2023,0.66668
TCD,2002,0.0
TCD,2003,0.13988
TCD,2004,0.14331
TCD,2007,0.1047
TCD,2009,0.12346
TCD,2011,0.10916
TCD,2013,0.10761
TCD,2015,0.12564
TCD,2017,0.1257
TCD,2019,0.1557
TCD,2021,0.189
TCD,2023,0.17853
CHL,2002,0.67111
CHL,2003,0.68352
CHL,2004,0.69626
CHL,2007,0.5819
CHL,2009,0.60137
CHL,2011,0.67687
CHL,2013,0.71216
CHL,2015,0.69492
CHL,2017,0.735
CHL,2019,0.8259
CHL,2021,0.8377
CHL,2023,0.88266
CHN,2002,0.41595
CHN,2003,0.43557
CHN,2004,0.50778
CHN,2007,0.5017
CHN,2009,0.46998
CHN,2011,0.5359
CHN,2013,0.54501
CHN,2015,0.60713
CHN,2017,0.6811
CHN,2019,0.7948
CHN,2021,0.8119
CHN,2023,0.87184
COL,2002,0.44339
COL,2003,0.53345
COL,2004,0.52211
COL,2007,0.5317
COL,2009,0.6125
COL,2011,0.65723
COL,2013,0.6173
COL,2015,0.62371
COL,2017,0.6871
COL,2019,0.7164
COL,2021,0.7261
COL,2023,0.7793
COM,2002,0.17583
COM,2003,0.1826
COM,2004,0.19736
COM,2007,0.1896
COM,2009,0.23268
COM,2011,0.23577
COM,2013,0.18077
COM,2015,0.21551
COM,2017,0.2336
COM,2019,0.2799
COM,2021,0.2778
COM,2023,0.25862
COG,2002,0.26522
COG,2003,0.29703
COG,2004,0.28548
COG,2007,0.2737
COG,2009,0.30194
COG,2011,0.28094
COG,2013,0.25696
COG,2015,0.24974
COG,2017,0.3024
COG,2019,0.3786
COG,2021,0.3675
COG,2023,0.33912
COD,2002,0.0
COD,2003,0.18853
COD,2004,0.0
COD,2007,0.2177
COD,2009,0.2357
COD,2011,0.22803
COD,2013,0.15514
COD,2015,0.18761
COD,2017,0.2612
COD,2019,0.258
COD,2021,0.3057
COD,2023,0.27149
CRI,2002,0.42674
CRI,2003,0.41883
CRI,2004,0.46115
CRI,2007,0.5144
CRI,2009,0.47486
CRI,2011,0.53971
CRI,2013,0.60614
CRI,2015,0.63142
CRI,2017,0.7004
CRI,2019,0.7576
CRI,2021,0.7659
CRI,2023,0.80089
HRV,2002,0.53142
HRV,2003,0.52266
HRV,2004,0.54802
HRV,2007,0.565
HRV,2009,0.5858
HRV,2011,0.73284
HRV,2013,0.62817
HRV,2015,0.71624
HRV,2017,0.7018
HRV,2019,0.7745
HRV,2021,0.8106
HRV,2023,0.88175
CUB,2002,0.37247
CUB,2003,0.34779
CUB,2004,0.36995
CUB,2007,0.399
CUB,2009,0.43214
CUB,2011,0.44882
CUB,2013,0.39165
CUB,2015,0.35224
CUB,2017,0.4101
CUB,2019,0.4439
CUB,2021,0.4945
CUB,2023,0.49214
CYP,2002,0.47406
CYP,2003,0.51886
CYP,2004,0.58722
CYP,2007,0.6019
CYP,2009,0.57053
CYP,2011,0.65081
CYP,2013,0.59576
CYP,2015,0.60226
CYP,2017,0.7736
CYP,2019,0.8731
CYP,2021,0.866
CYP,2023,0.86187
CZE,2002,0.54168
CZE,2003,0.6214
CZE,2004,0.63955
CZE,2007,0.6696
CZE,2009,0.60602
CZE,2011,0.64914
CZE,2013,0.60695
CZE,2015,0.64537
CZE,2017,0.7084
CZE,2019,0.8135
CZE,2021,0.8088
CZE,2023,0.82394
BEN,2002,0.2348
BEN,2003,0.22035
BEN,2004,0.23088
BEN,2007,0.186
BEN,2009,0.20171
BEN,2011,0.20638
BEN,2013,0.1685
BEN,2015,0.20389
BEN,2017,0.3264
BEN,2019,0.4039
BEN,2021,0.4264
BEN,2023,0.45779
DNK,2002,0.82046
DNK,2003,0.90466
DNK,2004,0.90576
DNK,2007,0.9134
DNK,2009,0.78722
DNK,2011,0.88885
DNK,2013,0.8162
DNK,2015,0.85102
DNK,2017,0.915
DNK,2019,0.9758
DNK,2021,0.9717
DNK,2023,0.98474
DMA,2002,0.0
DMA,2003,0.36813
DMA,2004,0.33336
DMA,2007,0.3746
DMA,2009,0.41491
DMA,2011,0.55609
DMA,2013,0.4338
DMA,2015,0.45775
DMA,2017,0.5794
DMA,2019,0.6013
DMA,2021,0.5789
DMA,2023,0.54452
DOM,2002,0.43754
DOM,2003,0.41107
DOM,2004,0.40758
DOM,2007,0.4943
DOM,2009,0.45573
DOM,2011,0.51298
DOM,2013,0.44808
DOM,2015,0.49136
DOM,2017,0.5726
DOM,2019,0.6782
DOM,2021,0.6429
DOM,2023,0.70127
ECU,2002,0.37779
ECU,2003,0.39237
ECU,2004,0.39663
ECU,2007,0.484
ECU,2009,0.43219
ECU,2011,0.48685
ECU,2013,0.50529
ECU,2015,0.56254
ECU,2017,0.6129
ECU,2019,0.7015
ECU,2021,0.6889
ECU,2023,0.77997
SLV,2002,0.40934
SLV,2003,0.40344
SLV,2004,0.42251
SLV,2007,0.4974
SLV,2009,0.46995
SLV,2011,0.55127
SLV,2013,0.49885
SLV,2015,0.47184
SLV,2017,0.5469
SLV,2019,0.5697
SLV,2021,0.5519
SLV,2023,0.5988
GNQ,2002,0.0
GNQ,2003,0.0
GNQ,2004,0.0
GNQ,2007,0.289
GNQ,2009,0.29024
GNQ,2011,0.29548
GNQ,2013,0.22675
GNQ,2015,0.24027
GNQ,2017,0.2298
GNQ,2019,0.2507
GNQ,2021,0.2746
GNQ,2023,0.28554
ETH,2002,0.12773
ETH,2003,0.13647
ETH,2004,0.13602
ETH,2007,0.1857
ETH,2009,0.20331
ETH,2011,0.23058
ETH,2013,0.25888
ETH,2015,0.26655
ETH,2017,0.3463
ETH,2019,0.274
ETH,2021,0.2865
ETH,2023,0.31109
ERI,2002,0.0
ERI,2003,0.0
ERI,2004,0.18485
ERI,2007,0.1965
ERI,2009,0.18587
ERI,2011,0.20434
ERI,2013,0.09075
ERI,2015,0.09016
ERI,2017,0.1337
ERI,2019,0.1292
ERI,2021,0.1709
ERI,2023,0.15762
EST,2002,0.6968
EST,2003,0.70289
EST,2004,0.73473
EST,2007,0.76
EST,2009,0.69653
EST,2011,0.79873
EST,2013,0.81796
EST,2015,0.83344
EST,2017,0.8486
EST,2019,0.9473
EST,2021,0.9393
EST,2023,0.97274
FJI,2002,0.42507
FJI,2003,0.39122
FJI,2004,0.40813
FJI,2007,0.4156
FJI,2009,0.39253
FJI,2011,0.46715
FJI,2013,0.50437
FJI,2015,0.49886
FJI,2017,0.5348
FJI,2019,0.6585
FJI,2021,0.6235
FJI,2023,0.67544
FIN,2002,0.76112
FIN,2003,0.82389
FIN,2004,0.82311
FIN,2007,0.7488
FIN,2009,0.6967
FIN,2011,0.85052
FIN,2013,0.84491
FIN,2015,0.88168
FIN,2017,0.8815
FIN,2019,0.9452
FIN,2021,0.9533
FIN,2023,0.95746
FRA,2002,0.68961
FRA,2003,0.66866
FRA,2004,0.69251
FRA,2007,0.8038
FRA,2009,0.75103
FRA,2011,0.86349
FRA,2013,0.89384
FRA,2015,0.84559
FRA,2017,0.879
FRA,2019,0.8718
FRA,2021,0.8832
FRA,2023,0.87442
DJI,2002,0.17893
DJI,2003,0.19666
DJI,2004,0.23806
DJI,2007,0.2279
DJI,2009,0.20586
DJI,2011,0.22283
DJI,2013,0.1456
DJI,2015,0.13367
DJI,2017,0.2401
DJI,2019,0.2728
DJI,2021,0.2833
DJI,2023,0.29105
GAB,2002,0.28331
GAB,2003,0.30019
GAB,2004,0.29284
GAB,2007,0.3228
GAB,2009,0.34203
GAB,2011,0.36874
GAB,2013,0.3294
GAB,2015,0.35836
GAB,2017,0.4313
GAB,2019,0.5401
GAB,2021,0.5521
GAB,2023,0.57408
GEO,2002,0.35109
GEO,2003,0.37836
GEO,2004,0.40337
GEO,2007,0.4598
GEO,2009,0.42476
GEO,2011,0.55628
GEO,2013,0.60468
GEO,2015,0.61079
GEO,2017,0.6893
GEO,2019,0.7174
GEO,2021,0.7501
GEO,2023,0.77923
GMB,2002,0.17207
GMB,2003,0.17097
GMB,2004,0.17364
GMB,2007,0.2253
GMB,2009,0.21169
GMB,2011,0.26884
GMB,2013,0.22851
GMB,2015,0.23963
GMB,2017,0.2958
GMB,2019,0.263
GMB,2021,0.3088
GMB,2023,0.25517
DEU,2002,0.76164
DEU,2003,0.78733
DEU,2004,0.80497
DEU,2007,0.7136
DEU,2009,0.73085
DEU,2011,0.80788
DEU,2013,0.7864
DEU,2015,0.82099
DEU,2017,0.8765
DEU,2019,0.8524
DEU,2021,0.877
DEU,2023,0.93821
GHA,2002,0.24065
GHA,2003,0.23693
GHA,2004,0.28662
GHA,2007,0.2997
GHA,2009,0.27537
GHA,2011,0.3159
GHA,2013,0.37354
GHA,2015,0.41815
GHA,2017,0.539
GHA,2019,0.596
GHA,2021,0.5824
GHA,2023,0.63169
KIR,2002,0.0
KIR,2003,0.0
KIR,2004,0.0
KIR,2007,0.0
KIR,2009,0.0
KIR,2011,0.29977
KIR,2013,0.3201
KIR,2015,0.31219
KIR,2017,0.345
KIR,2019,0.432
KIR,2021,0.4334
KIR,2023,0.45723
GRC,2002,0.53989
GRC,2003,0.55806
GRC,2004,0.5921
GRC,2007,0.5718
GRC,2009,0.57075
GRC,2011,0.68716
GRC,2013,0.71176
GRC,2015,0.691
GRC,2017,0.7833
GRC,2019,0.8021
GRC,2021,0.8455
GRC,2023,0.86737
GRD,2002,0.34805
GRD,2003,0.35881
GRD,2004,0.38794
GRD,2007,0.4545
GRD,2009,0.42768
GRD,2011,0.54794
GRD,2013,0.52197
GRD,2015,0.5168
GRD,2017,0.593
GRD,2019,0.5812
GRD,2021,0.7277
GRD,2023,0.64577
GTM,2002,0.32901
GTM,2003,0.33908
GTM,2004,0.37766
GTM,2007,0.4283
GTM,2009,0.39368
GTM,2011,0.43903
GTM,2013,0.31603
GTM,2015,0.47898
GTM,2017,0.4974
GTM,2019,0.5155
GTM,2021,0.5111
GTM,2023,0.57383
GIN,2002,0.13208
GIN,2003,0.14225
GIN,2004,0.13956
GIN,2007,0.1402
GIN,2009,0.14261
GIN,2011,0.0
GIN,2013,0.09543
GIN,2015,0.1226
GIN,2017,0.2348
GIN,2019,0.2592
GIN,2021,0.3608
GIN,2023,0.40059
GUY,2002,0.42195
GUY,2003,0.42426
GUY,2004,0.3985
GUY,2007,0.4375
GUY,2009,0.41398
GUY,2011,0.45489
GUY,2013,0.36952
GUY,2015,0.36509
GUY,2017,0.4316
GUY,2019,0.4909
GUY,2021,0.5233
GUY,2023,0.54432
HTI,2002,0.0
HTI,2003,0.0
HTI,2004,0.0
HTI,2007,0.2097
HTI,2009,0.20741
HTI,2011,0.15115
HTI,2013,0.18086
HTI,2015,0.19314
HTI,2017,0.3047
HTI,2019,0.2723
HTI,2021,0.2481
HTI,2023,0.21165
HND,2002,0.28049
HND,2003,0.33007
HND,2004,0.33475
HND,2007,0.4048
HND,2009,0.40646
HND,2011,0.43413
HND,2013,0.40826
HND,2015,0.3611
HND,2017,0.4474
HND,2019,0.4486
HND,2021,0.394
HND,2023,0.48559
HUN,2002,0.51625
HUN,2003,0.58572
HUN,2004,0.65358
HUN,2007,0.6494
HUN,2009,0.63147
HUN,2011,0.72014
HUN,2013,0.66374
HUN,2015,0.67455
HUN,2017,0.7265
HUN,2019,0.7745
HUN,2021,0.7827
HUN,2023,0.8043
ISL,2002,0.7019
ISL,2003,0.76988
ISL,2004,0.77936
ISL,2007,0.7176
ISL,2009,0.66971
ISL,2011,0.78354
ISL,2013,0.797
ISL,2015,0.76619
ISL,2017,0.8316
ISL,2019,0.9101
ISL,2021,0.941
ISL,2023,0.96707
IND,2002,0.37309
IND,2003,0.38789
IND,2004,0.40013
IND,2007,0.3814
IND,2009,0.35673
IND,2011,0.38287
IND,2013,0.38343
IND,2015,0.46375
IND,2017,0.5669
IND,2019,0.5964
IND,2021,0.5883
IND,2023,0.66776
IDN,2002,0.42243
IDN,2003,0.3909
IDN,2004,0.38186
IDN,2007,0.4107
IDN,2009,0.40264
IDN,2011,0.49486
IDN,2013,0.44874
IDN,2015,0.44784
IDN,2017,0.5258
IDN,2019,0.6612
IDN,2021,0.716
IDN,2023,0.79911
IRN,2002,0.32962
IRN,2003,0.32819
IRN,2004,0.38133
IRN,2007,0.4067
IRN,2009,0.42343
IRN,2011,0.48762
IRN,2013,0.45075
IRN,2015,0.46494
IRN,2017,0.6083
IRN,2019,0.6593
IRN,2021,0.6433
IRN,2023,0.65639
IRQ,2002,0.0
IRQ,2003,0.35662
IRQ,2004,0.3334
IRQ,2007,0.269
IRQ,2009,0.29957
IRQ,2011,0.34093
IRQ,2013,0.31414
IRQ,2015,0.33335
IRQ,2017,0.3376
IRQ,2019,0.436
IRQ,2021,0.4383
IRQ,2023,0.45721
IRL,2002,0.69651
IRL,2003,0.70576
IRL,2004,0.72508
IRL,2007,0.7296
IRL,2009,0.68655
IRL,2011,0.71492
IRL,2013,0.781
IRL,2015,0.76888
IRL,2017,0.8287
IRL,2019,0.8433
IRL,2021,0.8567
IRL,2023,0.91377
ISR,2002,0.66333
ISR,2003,0.68054
ISR,2004,0.69033
ISR,2007,0.7393
ISR,2009,0.65517
ISR,2011,0.81001
ISR,2013,0.81615
ISR,2015,0.78056
ISR,2017,0.7998
ISR,2019,0.8361
ISR,2021,0.8885
ISR,2023,0.90143
ITA,2002,0.685
ITA,2003,0.65979
ITA,2004,0.67939
ITA,2007,0.668
ITA,2009,0.57995
ITA,2011,0.71895
ITA,2013,0.7593
ITA,2015,0.77636
ITA,2017,0.8209
ITA,2019,0.8231
ITA,2021,0.8375
ITA,2023,0.83557
CIV,2002,0.0
CIV,2003,0.17291
CIV,2004,0.18204
CIV,2007,0.1853
CIV,2009,0.28045
CIV,2011,0.258
CIV,2013,0.20385
CIV,2015,0.21845
CIV,2017,0.2776
CIV,2019,0.4457
CIV,2021,0.5467
CIV,2023,0.55868
JAM,2002,0.43237
JAM,2003,0.47925
JAM,2004,0.50641
JAM,2007,0.4679
JAM,2009,0.44666
JAM,2011,0.45516
JAM,2013,0.43882
JAM,2015,0.4534
JAM,2017,0.4697
JAM,2019,0.5392
JAM,2021,0.5906
JAM,2023,0.66777
JPN,2002,0.69344
JPN,2003,0.72599
JPN,2004,0.78013
JPN,2007,0.7703
JPN,2009,0.71517
JPN,2011,0.80187
JPN,2013,0.88744
JPN,2015,0.84397
JPN,2017,0.8783
JPN,2019,0.8989
JPN,2021,0.9002
JPN,2023,0.9351
KAZ,2002,0.38661
KAZ,2003,0.43437
KAZ,2004,0.48125
KAZ,2007,0.4743
KAZ,2009,0.55782
KAZ,2011,0.68438
KAZ,2013,0.72827
KAZ,2015,0.72499
KAZ,2017,0.7597
KAZ,2019,0.8375
KAZ,2021,0.8628
KAZ,2023,0.90093
JOR,2002,0.4293
JOR,2003,0.43467
JOR,2004,0.46392
JOR,2007,0.548
JOR,2009,0.52784
JOR,2011,0.48838
JOR,2013,0.51674
JOR,2015,0.51226
JOR,2017,0.5575
JOR,2019,0.5309
JOR,2021,0.6081
JOR,2023,0.68493
KEN,2002,0.29924
KEN,2003,0.29591
KEN,2004,0.32981
KEN,2007,0.3474
KEN,2009,0.33384
KEN,2011,0.42117
KEN,2013,0.38054
KEN,2015,0.41855
KEN,2017,0.4541
KEN,2019,0.5326
KEN,2021,0.5589
KEN,2023,0.6314
PRK,2002,0.0
PRK,2003,0.0
PRK,2004,0.0
PRK,2007,0.0
PRK,2009,0.0
PRK,2011,0.36162
PRK,2013,0.27526
PRK,2015,0.28008
PRK,2017,0.2159
PRK,2019,0.2235
PRK,2021,0.2859
PRK,2023,0.23201
KOR,2002,0.74413
KOR,2003,0.85745
KOR,2004,0.87273
KOR,2007,0.8317
KOR,2009,0.87854
KOR,2011,0.92832
KOR,2013,0.94623
KOR,2015,0.89149
KOR,2017,0.901
KOR,2019,0.956
KOR,2021,0.9529
KOR,2023,0.96789
KWT,2002,0.37011
KWT,2003,0.36491
KWT,2004,0.44312
KWT,2007,0.5202
KWT,2009,0.52901
KWT,2011,0.59602
KWT,2013,0.6268
KWT,2015,0.70795
KWT,2017,0.7388
KWT,2019,0.7913
KWT,2021,0.7484
KWT,2023,0.7812
KGZ,2002,0.32715
KGZ,2003,0.44682
KGZ,2004,0.44171
KGZ,2007,0.4195
KGZ,2009,0.44168
KGZ,2011,0.4879
KGZ,2013,0.46568
KGZ,2015,0.49686
KGZ,2017,0.5835
KGZ,2019,0.6749
KGZ,2021,0.6977
KGZ,2023,0.7316
LAO,2002,0.19161
LAO,2003,0.23286
LAO,2004,0.24208
LAO,2007,0.2383
LAO,2009,0.26371
LAO,2011,0.2935
LAO,2013,0.26588
LAO,2015,0.309
LAO,2017,0.3056
LAO,2019,0.3288
LAO,2021,0.3764
LAO,2023,0.44038
LBN,2002,0.42361
LBN,2003,0.41634
LBN,2004,0.456
LBN,2007,0.484
LBN,2009,0.43875
LBN,2011,0.51388
LBN,2013,0.49823
LBN,2015,0.5646
LBN,2017,0.553
LBN,2019,0.4955
LBN,2021,0.5273
LBN,2023,0.5449
LSO,2002,0.34647
LSO,2003,0.32496
LSO,2004,0.33731
LSO,2007,0.3805
LSO,2009,0.35123
LSO,2011,0.35006
LSO,2013,0.26294
LSO,2015,0.27702
LSO,2017,0.2968
LSO,2019,0.4593
LSO,2021,0.4414
LSO,2023,0.41229
LVA,2002,0.50573
LVA,2003,0.54859
LVA,2004,0.60504
LVA,2007,0.5944
LVA,2009,0.58261
LVA,2011,0.6604
LVA,2013,0.71775
LVA,2015,0.681
LVA,2017,0.6996
LVA,2019,0.7798
LVA,2021,0.8599
LVA,2023,0.88522
LBR,2002,0.0
LBR,2003,0.0
LBR,2004,0.0
LBR,2007,0.217
LBR,2009,0.21333
LBR,2011,0.24073
LBR,2013,0.17682
LBR,2015,0.23378
LBR,2017,0.2737
LBR,2019,0.2605
LBR,2021,0.2905
LBR,2023,0.25133
LBY,2002,0.0
LBY,2003,0.0
LBY,2004,0.0
LBY,2007,0.3546
LBY,2009,0.37985
LBY,2011,0.0
LBY,2013,0.3753
LBY,2015,0.4322
LBY,2017,0.3833
LBY,2019,0.3743
LBY,2021,0.3375
LBY,2023,0.54662
LIE,2002,0.1777
LIE,2003,0.19372
LIE,2004,0.17893
LIE,2007,0.5486
LIE,2009,0.6694
LIE,2011,0.8264
LIE,2013,0.69823
LIE,2015,0.73126
LIE,2017,0.8204
LIE,2019,0.8359
LIE,2021,0.8685
LIE,2023,0.85284
LTU,2002,0.55733
LTU,2003,0.53666
LTU,2004,0.57862
LTU,2007,0.6617
LTU,2009,0.62952
LTU,2011,0.73329
LTU,2013,0.72709
LTU,2015,0.77467
LTU,2017,0.7534
LTU,2019,0.8665
LTU,2021,0.8745
LTU,2023,0.91104
LUX,2002,0.6562
LUX,2003,0.65998
LUX,2004,0.65131
LUX,2007,0.7512
LUX,2009,0.66721
LUX,2011,0.80135
LUX,2013,0.75911
LUX,2015,0.77046
LUX,2017,0.8334
LUX,2019,0.8272
LUX,2021,0.8675
LUX,2023,0.84658
MDG,2002,0.22941
MDG,2003,0.2214
MDG,2004,0.26405
MDG,2007,0.3065
MDG,2009,0.28904
MDG,2011,0.30535
MDG,2013,0.2606
MDG,2015,0.24161
MDG,2017,0.2792
MDG,2019,0.3095
MDG,2021,0.3565
MDG,2023,0.32346
MWI,2002,0.23282
MWI,2003,0.26968
MWI,2004,0.27944
MWI,2007,0.2878
MWI,2009,0.23568
MWI,2011,0.27398
MWI,2013,0.23208
MWI,2015,0.23977
MWI,2017,0.2708
MWI,2019,0.348
MWI,2021,0.3435
MWI,2023,0.37534
MYS,2002,0.52399
MYS,2003,0.54089
MYS,2004,0.57057
MYS,2007,0.6063
MYS,2009,0.61014
MYS,2011,0.67031
MYS,2013,0.61152
MYS,2015,0.61749
MYS,2017,0.7174
MYS,2019,0.7892
MYS,2021,0.774
MYS,2023,0.81114
MDV,2002,0.41025
MDV,2003,0.41059
MDV,2004,0.43211
MDV,2007,0.4491
MDV,2009,0.43917
MDV,2011,0.49936
MDV,2013,0.48129
MDV,2015,0.43299
MDV,2017,0.5615
MDV,2019,0.574
MDV,2021,0.5885
MDV,2023,0.67453
MLI,2002,0.13959
MLI,2003,0.09555
MLI,2004,0.09249
MLI,2007,0.1591
MLI,2009,0.18147
MLI,2011,0.18567
MLI,2013,0.16335
MLI,2015,0.18165
MLI,2017,0.2424
MLI,2019,0.3097
MLI,2021,0.3414
MLI,2023,0.30053
MLT,2002,0.63596
MLT,2003,0.68765
MLT,2004,0.70118
MLT,2007,0.6582
MLT,2009,0.61293
MLT,2011,0.7131
MLT,2013,0.6518
MLT,2015,0.74242
MLT,2017,0.8011
MLT,2019,0.8547
MLT,2021,0.8943
MLT,2023,0.8886
MRT,2002,0.16133
MRT,2003,0.16962
MRT,2004,0.17233
MRT,2007,0.2028
MRT,2009,0.2359
MRT,2011,0.19956
MRT,2013,0.1893
MRT,2015,0.17344
MRT,2017,0.2314
MRT,2019,0.282
MRT,2021,0.3157
MRT,2023,0.34912
MUS,2002,0.47108
MUS,2003,0.50548
MUS,2004,0.53166
MUS,2007,0.5086
MUS,2009,0.46454
MUS,2011,0.50658
MUS,2013,0.53375
MUS,2015,0.62306
MUS,2017,0.6678
MUS,2019,0.7196
MUS,2021,0.7201
MUS,2023,0.75061
MEX,2002,0.59332
MEX,2003,0.59566
MEX,2004,0.60611
MEX,2007,0.5893
MEX,2009,0.515
MEX,2011,0.62399
MEX,2013,0.5733
MEX,2015,0.61953
MEX,2017,0.6818
MEX,2019,0.7291
MEX,2021,0.7473
MEX,2023,0.78499
MCO,2002,0.18888
MCO,2003,0.19696
MCO,2004,0.24043
MCO,2007,0.0
MCO,2009,0.0
MCO,2011,0.74679
MCO,2013,0.67148
MCO,2015,0.73152
MCO,2017,0.805
MCO,2019,0.7177
MCO,2021,0.7228
MCO,2023,0.71747
MNG,2002,0.34332
MNG,2003,0.41516
MNG,2004,0.39623
MNG,2007,0.4735
MNG,2009,0.52427
MNG,2011,0.5443
MNG,2013,0.55808
MNG,2015,0.51943
MNG,2017,0.5824
MNG,2019,0.6497
MNG,2021,0.7209
MNG,2023,0.84569
MDA,2002,0.36325
MDA,2003,0.34457
MDA,2004,0.34588
MDA,2007,0.451
MDA,2009,0.46114
MDA,2011,0.5626
MDA,2013,0.55708
MDA,2015,0.59945
MDA,2017,0.659
MDA,2019,0.6881
MDA,2021,0.7251
MDA,2023,0.77195
MNE,2007,0.4282
MNE,2009,0.51014
MNE,2011,0.62181
MNE,2013,0.63455
MNE,2015,0.67326
MNE,2017,0.6966
MNE,2019,0.7006
MNE,2021,0.726
MNE,2023,0.72111
MAR,2002,0.26549
MAR,2003,0.2641
MAR,2004,0.27738
MAR,2007,0.2944
MAR,2009,0.32872
MAR,2011,0.4209
MAR,2013,0.50598
MAR,2015,0.51858
MAR,2017,0.5214
MAR,2019,0.5729
MAR,2021,0.5915
MAR,2023,0.68411
MOZ,2002,0.17282
MOZ,2003,0.2029
MOZ,2004,0.24483
MOZ,2007,0.2559
MOZ,2009,0.22884
MOZ,2011,0.27859
MOZ,2013,0.23837
MOZ,2015,0.2305
MOZ,2017,0.3195
MOZ,2019,0.3564
MOZ,2021,0.313
MOZ,2023,0.28476
OMN,2002,0.35475
OMN,2003,0.28841
OMN,2004,0.34051
OMN,2007,0.4691
OMN,2009,0.45757
OMN,2011,0.59441
OMN,2013,0.62732
OMN,2015,0.59616
OMN,2017,0.6846
OMN,2019,0.7749
OMN,2021,0.7834
OMN,2023,0.85759
NAM,2002,0.33953
NAM,2003,0.32715
NAM,2004,0.34105
NAM,2007,0.3445
NAM,2009,0.33135
NAM,2011,0.3937
NAM,2013,0.38799
NAM,2015,0.36818
NAM,2017,0.4554
NAM,2019,0.5747
NAM,2021,0.5322
NAM,2023,0.60074
NRU,2002,0.29322
NRU,2003,0.03507
NRU,2004,0.03571
NRU,2007,0.0
NRU,2009,0.0
NRU,2011,0.32422
NRU,2013,0.27755
NRU,2015,0.28682
NRU,2017,0.3324
NRU,2019,0.415
NRU,2021,0.4548
NRU,2023,0.44544
NPL,2002,0.26839
NPL,2003,0.28074
NPL,2004,0.30211
NPL,2007,0.2725
NPL,2009,0.25677
NPL,2011,0.26644
NPL,2013,0.23442
NPL,2015,0.34581
NPL,2017,0.4748
NPL,2019,0.4699
NPL,2021,0.5117
NPL,2023,0.57813
NLD,2002,0.74649
NLD,2003,0.80261
NLD,2004,0.80205
NLD,2007,0.8631
NLD,2009,0.80968
NLD,2011,0.91249
NLD,2013,0.88966
NLD,2015,0.86586
NLD,2017,0.8757
NLD,2019,0.9228
NLD,2021,0.9384
NLD,2023,0.95384
VUT,2002,0.14166
VUT,2003,0.16175
VUT,2004,0.16643
VUT,2007,0.251
VUT,2009,0.25212
VUT,2011,0.3512
VUT,2013,0.25705
VUT,2015,0.3078
VUT,2017,0.399
VUT,2019,0.4403
VUT,2021,0.4988
VUT,2023,0.54271
NZL,2002,0.7183
NZL,2003,0.78108
NZL,2004,0.79865
NZL,2007,0.7392
NZL,2009,0.73112
NZL,2011,0.83809
NZL,2013,0.86436
NZL,2015,0.8653
NZL,2017,0.8806
NZL,2019,0.9339
NZL,2021,0.9432
NZL,2023,0.92654
NIC,2002,0.32383
NIC,2003,0.32157
NIC,2004,0.33826
NIC,2007,0.3668
NIC,2009,0.36298
NIC,2011,0.36214
NIC,2013,0.27585
NIC,2015,0.38011
NIC,2017,0.4233
NIC,2019,0.5139
NIC,2021,0.5032
NIC,2023,0.53181
NER,2002,0.05951
NER,2003,0.06226
NER,2004,0.06612
NER,2007,0.1142
NER,2009,0.10981
NER,2011,0.11188
NER,2013,0.09456
NER,2015,0.05933
NER,2017,0.1095
NER,2019,0.1661
NER,2021,0.2406
NER,2023,0.21157
NGA,2002,0.2253
NGA,2003,0.24848
NGA,2004,0.2758
NGA,2007,0.3063
NGA,2009,0.26868
NGA,2011,0.26756
NGA,2013,0.29287
NGA,2015,0.3291
NGA,2017,0.3807
NGA,2019,0.4406
NGA,2021,0.4525
NGA,2023,0.48146
NOR,2002,0.77814
NOR,2003,0.81777
NOR,2004,0.8228
NOR,2007,0.8921
NOR,2009,0.80199
NOR,2011,0.85931
NOR,2013,0.83572
NOR,2015,0.81168
NOR,2017,0.8557
NOR,2019,0.9064
NOR,2021,0.8879
NOR,2023,0.93153
FSM,2002,0.52648
FSM,2003,0.04559
FSM,2004,0.0532
FSM,2007,0.0
FSM,2009,0.0
FSM,2011,0.38119
FSM,2013,0.33371
FSM,2015,0.31031
FSM,2017,0.3155
FSM,2019,0.3779
FSM,2021,0.355
FSM,2023,0.32352
MHL,2002,0.03821
MHL,2003,0.04468
MHL,2004,0.04399
MHL,2007,0.0
MHL,2009,0.0
MHL,2011,0.31288
MHL,2013,0.28506
MHL,2015,0.26953
MHL,2017,0.3543
MHL,2019,0.4055
MHL,2021,0.3714
MHL,2023,0.48229
PLW,2002,0.00873
PLW,2003,0.04247
PLW,2004,0.05641
PLW,2007,0.0
PLW,2009,0.41885
PLW,2011,0.43592
PLW,2013,0.4415
PLW,2015,0.45459
PLW,2017,0.5024
PLW,2019,0.5109
PLW,2021,0.5018
PLW,2023,0.50724
PAK,2002,0.24749
PAK,2003,0.30418
PAK,2004,0.28358
PAK,2007,0.316
PAK,2009,0.27547
PAK,2011,0.28234
PAK,2013,0.25799
PAK,2015,0.25832
PAK,2017,0.3566
PAK,2019,0.4183
PAK,2021,0.4238
PAK,2023,0.50955
PAN,2002,0.43178
PAN,2003,0.49068
PAN,2004,0.48216
PAN,2007,0.4718
PAN,2009,0.46191
PAN,2011,0.57328
PAN,2013,0.52422
PAN,2015,0.49035
PAN,2017,0.6092
PAN,2019,0.6715
PAN,2021,0.6956
PAN,2023,0.72981
PNG,2002,0.25028
PNG,2003,0.24056
PNG,2004,0.2539
PNG,2007,0.2078
PNG,2009,0.20429
PNG,2011,0.21471
PNG,2013,0.12028
PNG,2015,0.1882
PNG,2017,0.2787
PNG,2019,0.2827
PNG,2021,0.323
PNG,2023,0.30756
PRY,2002,0.41344
PRY,2003,0.34081
PRY,2004,0.362
PRY,2007,0.4654
PRY,2009,0.42434
PRY,2011,0.48019
PRY,2013,0.374
PRY,2015,0.4989
PRY,2017,0.5255
PRY,2019,0.6487
PRY,2021,0.6332
PRY,2023,0.72507
PER,2002,0.46302
PER,2003,0.50148
PER,2004,0.50893
PER,2007,0.5252
PER,2009,0.49234
PER,2011,0.52302
PER,2013,0.54354
PER,2015,0.53815
PER,2017,0.6461
PER,2019,0.7083
PER,2021,0.7524
PER,2023,0.807
PHL,2002,0.57364
PHL,2003,0.52595
PHL,2004,0.57211
PHL,2007,0.5001
PHL,2009,0.46373
PHL,2011,0.51303
PHL,2013,0.47681
PHL,2015,0.57655
PHL,2017,0.6512
PHL,2019,0.6892
PHL,2021,0.6523
PHL,2023,0.76212
POL,2002,0.57644
POL,2003,0.60263
POL,2004,0.58721
POL,2007,0.6134
POL,2009,0.55822
POL,2011,0.64414
POL,2013,0.64822
POL,2015,0.72108
POL,2017,0.7926
POL,2019,0.8531
POL,2021,0.8437
POL,2023,0.8648
PRT,2002,0.64554
PRT,2003,0.59527
PRT,2004,0.60839
PRT,2007,0.6479
PRT,2009,0.57869
PRT,2011,0.7165
PRT,2013,0.68996
PRT,2015,0.71437
PRT,2017,0.8031
PRT,2019,0.8255
PRT,2021,0.8273
PRT,2023,0.84153
GNB,2002,0.0
GNB,2003,0.0
GNB,2004,0.0
GNB,2007,0.1521
GNB,2009,0.15606
GNB,2011,0.19449
GNB,2013,0.16085
GNB,2015,0.18175
GNB,2017,0.1887
GNB,2019,0.2316
GNB,2021,0.256
GNB,2023,0.30831
TLS,2002,0.08733
TLS,2003,0.04633
TLS,2004,0.25115
TLS,2007,0.2462
TLS,2009,0.22727
TLS,2011,0.23653
TLS,2013,0.25276
TLS,2015,0.25817
TLS,2017,0.3816
TLS,2019,0.4649
TLS,2021,0.4372
TLS,2023,0.40202
QAT,2002,0.41097
QAT,2003,0.40049
QAT,2004,0.48951
QAT,2007,0.5314
QAT,2009,0.49278
QAT,2011,0.64048
QAT,2013,0.63615
QAT,2015,0.66988
QAT,2017,0.7132
QAT,2019,0.7173
QAT,2021,0.7149
QAT,2023,0.82438
ROU,2002,0.48278
ROU,2003,0.55035
ROU,2004,0.5704
ROU,2007,0.5383
ROU,2009,0.54791
ROU,2011,0.60595
ROU,2013,0.56315
ROU,2015,0.56114
ROU,2017,0.6671
ROU,2019,0.7605
ROU,2021,0.7619
ROU,2023,0.76364
RUS,2002,0.44255
RUS,2003,0.50172
RUS,2004,0.53285
RUS,2007,0.512
RUS,2009,0.51359
RUS,2011,0.73448
RUS,2013,0.72959
RUS,2015,0.72147
RUS,2017,0.7969
RUS,2019,0.8244
RUS,2021,0.8162
RUS,2023,0.85325
RWA,2002,0.24391
RWA,2003,0.25107
RWA,2004,0.25297
RWA,2007,0.2941
RWA,2009,0.27494
RWA,2011,0.32913
RWA,2013,0.35888
RWA,2015,0.33904
RWA,2017,0.459
RWA,2019,0.4789
RWA,2021,0.5489
RWA,2023,0.57993
KNA,2002,0.42607
KNA,2003,0.42312
KNA,2004,0.44923
KNA,2007,0.4814
KNA,2009,0.46913
KNA,2011,0.52719
KNA,2013,0.49795
KNA,2015,0.50345
KNA,2017,0.6554
KNA,2019,0.6352
KNA,2021,0.6775
KNA,2023,0.63054
LCA,2002,0.43805
LCA,2003,0.46156
LCA,2004,0.44673
LCA,2007,0.4746
LCA,2009,0.44705
LCA,2011,0.51222
LCA,2013,0.45248
LCA,2015,0.45306
LCA,2017,0.466
LCA,2019,0.5444
LCA,2021,0.558
LCA,2023,0.52547
VCT,2002,0.32617
VCT,2003,0.32392
VCT,2004,0.40005
VCT,2007,0.4306
VCT,2009,0.43553
VCT,2011,0.51765
VCT,2013,0.41578
VCT,2015,0.44938
VCT,2017,0.5306
VCT,2019,0.5605
VCT,2021,0.5811
VCT,2023,0.58762
SMR,2002,0.28044
SMR,2003,0.28816
SMR,2004,0.31095
SMR,2007,0.0
SMR,2009,0.0
SMR,2011,0.63046
SMR,2013,0.58225
SMR,2015,0.5506
SMR,2017,0.6471
SMR,2019,0.6175
SMR,2021,0.6454
SMR,2023,0.65509
STP,2002,0.2723
STP,2003,0.27736
STP,2004,0.28373
STP,2007,0.3215
STP,2009,0.32582
STP,2011,0.33273
STP,2013,0.22179
STP,2015,0.239
STP,2017,0.3424
STP,2019,0.4074
STP,2021,0.4138
STP,2023,0.43078
SAU,2002,0.33756
SAU,2003,0.38582
SAU,2004,0.41049
SAU,2007,0.4935
SAU,2009,0.51424
SAU,2011,0.66581
SAU,2013,0.69001
SAU,2015,0.68224
SAU,2017,0.7119
SAU,2019,0.7991
SAU,2021,0.8539
SAU,2023,0.96022
SEN,2002,0.20064
SEN,2003,0.23278
SEN,2004,0.22378
SEN,2007,0.2531
SEN,2009,0.22414
SEN,2011,0.26726
SEN,2013,0.26657
SEN,2015,0.32505
SEN,2017,0.3486
SEN,2019,0.421
SEN,2021,0.4479
SEN,2023,0.51625
SRB,2007,0.4828
SRB,2009,0.4585
SRB,2011,0.63119
SRB,2013,0.54715
SRB,2015,0.71308
SRB,2017,0.7155
SRB,2019,0.7474
SRB,2021,0.8237
SRB,2023,0.86184
SYC,2002,0.41965
SYC,2003,0.42587
SYC,2004,0.48835
SYC,2007,0.4942
SYC,2009,0.41792
SYC,2011,0.51915
SYC,2013,0.51126
SYC,2015,0.5181
SYC,2017,0.6163
SYC,2019,0.692
SYC,2021,0.6793
SYC,2023,0.67733
SLE,2002,0.12626
SLE,2003,0.17202
SLE,2004,0.1639
SLE,2007,0.1463
SLE,2009,0.16973
SLE,2011,0.15568
SLE,2013,0.13286
SLE,2015,0.15942
SLE,2017,0.2717
SLE,2019,0.2931
SLE,2021,0.2633
SLE,2023,0.30422
SGP,2002,0.74633
SGP,2003,0.83404
SGP,2004,0.8503
SGP,2007,0.7009
SGP,2009,0.7476
SGP,2011,0.84742
SGP,2013,0.90762
SGP,2015,0.8828
SGP,2017,0.8812
SGP,2019,0.915
SGP,2021,0.9133
SGP,2023,0.96912
SVK,2002,0.528
SVK,2003,0.55647
SVK,2004,0.58867
SVK,2007,0.5889
SVK,2009,0.56387
SVK,2011,0.62918
SVK,2013,0.61478
SVK,2015,0.59154
SVK,2017,0.7155
SVK,2019,0.7817
SVK,2021,0.8008
SVK,2023,0.80214
VNM,2002,0.35726
VNM,2003,0.33777
VNM,2004,0.36398
VNM,2007,0.4558
VNM,2009,0.44544
VNM,2011,0.52169
VNM,2013,0.47045
VNM,2015,0.51426
VNM,2017,0.5931
VNM,2019,0.6667
VNM,2021,0.6787
VNM,2023,0.77092
SVN,2002,0.63129
SVN,2003,0.65064
SVN,2004,0.67615
SVN,2007,0.6681
SVN,2009,0.62426
SVN,2011,0.74921
SVN,2013,0.65054
SVN,2015,0.77691
SVN,2017,0.7714
SVN,2019,0.8546
SVN,2021,0.8781
SVN,2023,0.87589
SOM,2002,0.04876
SOM,2003,0.0
SOM,2004,0.0
SOM,2007,0.0
SOM,2009,0.0
SOM,2011,0.06398
SOM,2013,0.01387
SOM,2015,0.02699
SOM,2017,0.0566
SOM,2019,0.1293
SOM,2021,0.134
SOM,2023,0.14677
ZAF,2002,0.51503
ZAF,2003,0.49021
ZAF,2004,0.50754
ZAF,2007,0.5115
ZAF,2009,0.43057
ZAF,2011,0.48687
ZAF,2013,0.48688
ZAF,2015,0.55463
ZAF,2017,0.6618
ZAF,2019,0.6891
ZAF,2021,0.7357
ZAF,2023,0.86162
ZWE,2002,0.30438
ZWE,2003,0.2833
ZWE,2004,0.33161
ZWE,2007,0.3
ZWE,2009,0.32304
ZWE,2011,0.35831
ZWE,2013,0.35845
ZWE,2015,0.34722
ZWE,2017,0.3692
ZWE,2019,0.5019
ZWE,2021,0.4717
ZWE,2023,0.44807
ESP,2002,0.60236
ESP,2003,0.58441
ESP,2004,0.58474
ESP,2007,0.7228
ESP,2009,0.75156
ESP,2011,0.77696
ESP,2013,0.84098
ESP,2015,0.8135
ESP,2017,0.8415
ESP,2019,0.8801
ESP,2021,0.8842
ESP,2023,0.9206
SSD,2011,0.22392
SSD,2013,0.14184
SSD,2015,0.17909
SSD,2017,0.1214
SSD,2019,0.0875
SSD,2021,0.0852
SSD,2023,0.11907
SDN,2002,0.20618
SDN,2003,0.23082
SDN,2004,0.23695
SDN,2007,0.2186
SDN,2009,0.25417
SDN,2011,0.26095
SUR,2002,0.0
SUR,2003,0.34738
SUR,2004,0.34492
SUR,2007,0.3472
SUR,2009,0.32826
SUR,2011,0.43442
SUR,2013,0.40446
SUR,2015,0.45462
SUR,2017,0.4773
SUR,2019,0.5154
SUR,2021,0.5809
SUR,2023,0.63655
SWZ,2002,0.29518
SWZ,2003,0.36467
SWZ,2004,0.35929
SWZ,2007,0.3454
SWZ,2009,0.2757
SWZ,2011,0.31786
SWZ,2013,0.30558
SWZ,2015,0.34122
SWZ,2017,0.382
SWZ,2019,0.4938
SWZ,2021,0.4498
SWZ,2023,0.60812
SWE,2002,0.83967
SWE,2003,0.87406
SWE,2004,0.8983
SWE,2007,0.9157
SWE,2009,0.74744
SWE,2011,0.8599
SWE,2013,0.8225
SWE,2015,0.87039
SWE,2017,0.8882
SWE,2019,0.9365
SWE,2021,0.941
SWE,2023,0.93262
CHE,2002,0.76351
CHE,2003,0.75384
CHE,2004,0.75479
CHE,2007,0.7626
CHE,2009,0.7136
CHE,2011,0.81341
CHE,2013,0.7267
CHE,2015,0.75246
CHE,2017,0.852
CHE,2019,0.8907
CHE,2021,0.8752
CHE,2023,0.90035
SYR,2002,0.26378
SYR,2003,0.26437
SYR,2004,0.28705
SYR,2007,0.3614
SYR,2009,0.31027
SYR,2011,0.37049
SYR,2013,0.31341
SYR,2015,0.34041
SYR,2017,0.3459
SYR,2019,0.4763
SYR,2021,0.3872
SYR,2023,0.38876
TJK,2002,0.0
TJK,2003,0.0
TJK,2004,0.33457
TJK,2007,0.315
TJK,2009,0.34766
TJK,2011,0.40687
TJK,2013,0.33951
TJK,2015,0.33663
TJK,2017,0.422
TJK,2019,0.4649
TJK,2021,0.5039
TJK,2023,0.56055
THA,2002,0.4456
THA,2003,0.50956
THA,2004,0.55175
THA,2007,0.5031
THA,2009,0.46529
THA,2011,0.50927
THA,2013,0.46308
THA,2015,0.55222
THA,2017,0.6543
THA,2019,0.7565
THA,2021,0.766
THA,2023,0.8351
TGO,2002,0.2312
TGO,2003,0.23094
TGO,2004,0.22735
TGO,2007,0.2191
TGO,2009,0.21497
TGO,2011,0.21428
TGO,2013,0.24463
TGO,2015,0.30962
TGO,2017,0.3989
TGO,2019,0.4302
TGO,2021,0.4231
TGO,2023,0.39198
TON,2002,0.39064
TON,2003,0.37813
TON,2004,0.36804
TON,2007,0.395
TON,2009,0.36965
TON,2011,0.44047
TON,2013,0.47057
TON,2015,0.46996
TON,2017,0.5237
TON,2019,0.5616
TON,2021,0.5155
TON,2023,0.51639
TTO,2002,0.42722
TTO,2003,0.46695
TTO,2004,0.47678
TTO,2007,0.5307
TTO,2009,0.48061
TTO,2011,0.57309
TTO,2013,0.49317
TTO,2015,0.57801
TTO,2017,0.644
TTO,2019,0.6785
TTO,2021,0.6339
TTO,2023,0.69726
ARE,2002,0.5345
ARE,2003,0.47356
ARE,2004,0.57182
ARE,2007,0.6301
ARE,2009,0.53494
ARE,2011,0.73442
ARE,2013,0.71358
ARE,2015,0.75153
ARE,2017,0.8295
ARE,2019,0.8555
ARE,2021,0.901
ARE,2023,0.95328
TUN,2002,0.32924
TUN,2003,0.3227
TUN,2004,0.33103
TUN,2007,0.3458
TUN,2009,0.48257
TUN,2011,0.48327
TUN,2013,0.53895
TUN,2015,0.56823
TUN,2017,0.6254
TUN,2019,0.6526
TUN,2021,0.653
TUN,2023,0.69348
TUR,2002,0.50551
TUR,2003,0.48919
TUR,2004,0.49595
TUR,2007,0.4834
TUR,2009,0.478
TUR,2011,0.52812
TUR,2013,0.54428
TUR,2015,0.58995
TUR,2017,0.7112
TUR,2019,0.7718
TUR,2021,0.7983
TUR,2023,0.89131
TKM,2002,0.33517
TKM,2003,0.34092
TKM,2004,0.0
TKM,2007,0.3262
TKM,2009,0.32258
TKM,2011,0.3813
TKM,2013,0.35109
TKM,2015,0.33369
TKM,2017,0.3652
TKM,2019,0.4034
TKM,2021,0.4808
TKM,2023,0.47569
TUV,2002,0.0
TUV,2003,0.0
TUV,2004,0.03702
TUV,2007,0.0
TUV,2009,0.0
TUV,2011,0.35389
TUV,2013,0.3059
TUV,2015,0.295
TUV,2017,0.3779
TUV,2019,0.4209
TUV,2021,0.3788
TUV,2023,0.40425
UGA,2002,0.29562
UGA,2003,0.32903
UGA,2004,0.30814
UGA,2007,0.3133
UGA,2009,0.28123
UGA,2011,0.31854
UGA,2013,0.25926
UGA,2015,0.35992
UGA,2017,0.4055
UGA,2019,0.4499
UGA,2021,0.4424
UGA,2023,0.44636
UKR,2002,0.46167
UKR,2003,0.53255
UKR,2004,0.54561
UKR,2007,0.5728
UKR,2009,0.51808
UKR,2011,0.5653
UKR,2013,0.50316
UKR,2015,0.60756
UKR,2017,0.6165
UKR,2019,0.7119
UKR,2021,0.8029
UKR,2023,0.88407
MKD,2002,0.36167
MKD,2003,0.3699
MKD,2004,0.46328
MKD,2007,0.4866
MKD,2009,0.52611
MKD,2011,0.55865
MKD,2013,0.47198
MKD,2015,0.58855
MKD,2017,0.6312
MKD,2019,0.7083
MKD,2021,0.7
MKD,2023,0.70704
EGY,2002,0.23841
EGY,2003,0.2653
EGY,2004,0.37929
EGY,2007,0.4767
EGY,2009,0.4518
EGY,2011,0.46112
EGY,2013,0.51293
EGY,2015,0.45941
EGY,2017,0.488
EGY,2019,0.5527
EGY,2021,0.5895
EGY,2023,0.66994
GBR,2002,0.81403
GBR,2003,0.88521
GBR,2004,0.87773
GBR,2007,0.7872
GBR,2009,0.81466
GBR,2011,0.89603
GBR,2013,0.86948
GBR,2015,0.91928
GBR,2017,0.8999
GBR,2019,0.9358
GBR,2021,0.9138
GBR,2023,0.95773
TZA,2002,0.25282
TZA,2003,0.28301
TZA,2004,0.30198
TZA,2007,0.2929
TZA,2009,0.29259
TZA,2011,0.3311
TZA,2013,0.27642
TZA,2015,0.35326
TZA,2017,0.3929
TZA,2019,0.4206
TZA,2021,0.4169
TZA,2023,0.43272
USA,2002,0.92706
USA,2003,0.91322
USA,2004,0.90619
USA,2007,0.8644
USA,2009,0.85103
USA,2011,0.86873
USA,2013,0.87483
USA,2015,0.84201
USA,2017,0.8769
USA,2019,0.9297
USA,2021,0.9151
USA,2023,0.91945
BFA,2002,0.13495
BFA,2003,0.18185
BFA,2004,0.13288
BFA,2007,0.1542
BFA,2009,0.15871
BFA,2011,0.15777
BFA,2013,0.18043
BFA,2015,0.15977
BFA,2017,0.3016
BFA,2019,0.3558
BFA,2021,0.3476
BFA,2023,0.28946
URY,2002,0.50723
URY,2003,0.54806
URY,2004,0.53869
URY,2007,0.5645
URY,2009,0.58477
URY,2011,0.63151
URY,2013,0.74195
URY,2015,0.72367
URY,2017,0.7858
URY,2019,0.85
URY,2021,0.8388
URY,2023,0.90059
UZB,2002,0.0
UZB,2003,0.39651
UZB,2004,0.41135
UZB,2007,0.4057
UZB,2009,0.44975
UZB,2011,0.50991
UZB,2013,0.46951
UZB,2015,0.54335
UZB,2017,0.6207
UZB,2019,0.6665
UZB,2021,0.7265
UZB,2023,0.7999
VEN,2002,0.36354
VEN,2003,0.48978
VEN,2004,0.51608
VEN,2007,0.5095
VEN,2009,0.47736
VEN,2011,0.55854
VEN,2013,0.55639
VEN,2015,0.51285
VEN,2017,0.5287
VEN,2019,0.5268
VEN,2021,0.5053
VEN,2023,0.53603
WSM,2002,0.29927
WSM,2003,0.37926
WSM,2004,0.39769
WSM,2007,0.3761
WSM,2009,0.37419
WSM,2011,0.43576
WSM,2013,0.42039
WSM,2015,0.40192
WSM,2017,0.4236
WSM,2019,0.4219
WSM,2021,0.4207
WSM,2023,0.4899
YEM,2002,0.18758
YEM,2003,0.19483
YEM,2004,0.21249
YEM,2007,0.2142
YEM,2009,0.21541
YEM,2011,0.24724
YEM,2013,0.27199
YEM,2015,0.22478
YEM,2017,0.2154
YEM,2019,0.3045
YEM,2021,0.2899
YEM,2023,0.23175
ZMB,2002,0.27644
ZMB,2003,0.0
ZMB,2004,0.0
ZMB,2007,0.2266
ZMB,2009,0.28098
ZMB,2011,0.29102
ZMB,2013,0.23893
ZMB,2015,0.35069
ZMB,2017,0.4111
ZMB,2019,0.4242
ZMB,2021,0.5022
ZMB,2023,0.54237
