name,tax_class,rule_class,overridden,is_stealer,breach_date,pwn_count
000webhost,service,service,FALSE,FALSE,2015-03-01,14936670
123RF,service,service,FALSE,FALSE,2020-03-22,8661578
126,service,service,FALSE,FALSE,2012-01-01,6414191
17Media,service,service,FALSE,FALSE,2016-04-19,4009640
17173,service,service,FALSE,FALSE,2011-12-28,7485802
2844Breaches,service,service,FALSE,FALSE,2018-02-19,80115532
2fast4u,service,service,FALSE,FALSE,2017-12-20,17706
500px,service,service,FALSE,FALSE,2018-07-05,14867999
7k7k,service,service,FALSE,FALSE,2011-01-01,9121434
8fit,service,service,FALSE,FALSE,2018-07-01,15025407
8tracks,service,service,FALSE,FALSE,2017-06-27,17979961
9Lives,service,service,FALSE,FALSE,2014-10-01,109515
Abandonia,service,service,FALSE,FALSE,2015-11-01,776125
Abandonia2022,service,service,FALSE,FALSE,2022-11-15,919790
AbuseWithUs,service,service,FALSE,FALSE,2016-07-01,1372550
AcneOrg,service,service,FALSE,FALSE,2014-11-25,432943
Activision,service,service,FALSE,FALSE,2022-12-04,16006
ActMobile,service,service,FALSE,FALSE,2021-10-08,1583193
Acuity,combolist,combolist,FALSE,FALSE,2020-06-18,14055729
Adapt,aggregator,aggregator,FALSE,FALSE,2018-11-05,9363740
Adecco,service,service,FALSE,FALSE,2021-01-03,4284538
ABFRL,service,service,FALSE,FALSE,2021-12-01,5470063
Adobe,service,service,FALSE,FALSE,2013-10-04,152445165
AdultFriendFinder,service,service,FALSE,FALSE,2015-05-21,3867997
AdultFriendFinder2016,service,service,FALSE,FALSE,2016-10-16,169746810
AdultFanFiction,service,service,FALSE,FALSE,2018-05-30,186082
AdvanceAutoParts,service,service,FALSE,FALSE,2024-06-05,79243727
AerServ,service,service,FALSE,FALSE,2018-04-01,66308
AgusiQTorrents,service,service,FALSE,FALSE,2019-09-24,90478
AhaShare,service,service,FALSE,FALSE,2013-05-30,180468
AIType,aggregator,aggregator,FALSE,FALSE,2017-12-05,20580060
Aimware,service,service,FALSE,FALSE,2019-04-28,305470
Aipai,service,service,FALSE,FALSE,2016-09-27,6496778
Ajarn,service,service,FALSE,FALSE,2018-12-13,266399
AKP,service,service,FALSE,FALSE,2016-07-19,917461
AlpineReplay,service,service,FALSE,FALSE,2019-08-27,898681
Altenen,service,service,FALSE,FALSE,2022-06-24,1267701
AmartFurniture,service,service,FALSE,FALSE,2022-05-16,108940
Ancestry,service,service,FALSE,FALSE,2015-11-07,297806
AndroidForums,service,service,FALSE,FALSE,2011-10-30,745355
AndroidLista,service,service,FALSE,FALSE,2021-07-28,6640643
AnimalJam,service,service,FALSE,FALSE,2020-10-12,7104998
AnimeGame,service,service,FALSE,FALSE,2020-02-27,1431378
AnimeLeague,service,service,FALSE,FALSE,2024-07-04,192134
AnimePlanet,service,service,FALSE,FALSE,2016-01-01,368507
Animoto,service,service,FALSE,FALSE,2018-07-10,22437749
AntiPublic,combolist,combolist,FALSE,FALSE,2016-12-16,457962538
ApexSMS,combolist,combolist,FALSE,FALSE,2019-04-15,23246481
APKTW,service,service,FALSE,FALSE,2022-09-03,2451197
Apollo,aggregator,aggregator,FALSE,FALSE,2018-07-23,125929660
Appartoo,service,service,FALSE,FALSE,2017-03-25,49681
Appen,service,service,FALSE,FALSE,2020-06-22,5888405
Aptoide,service,service,FALSE,FALSE,2020-04-13,20012235
ArmorGames,service,service,FALSE,FALSE,2019-01-01,10604307
ArmyForceOnline,service,service,FALSE,FALSE,2016-05-18,1531235
Artsy,service,service,FALSE,FALSE,2018-04-01,1079970
Artvalue,aggregator,aggregator,FALSE,FALSE,2019-06-19,157692
AshleyMadison,service,service,FALSE,FALSE,2015-07-19,30811934
AstroPID,service,service,FALSE,FALSE,2013-12-19,5788
AllegedATT,service,service,FALSE,FALSE,2021-08-20,49102176
Aternos,service,service,FALSE,FALSE,2015-12-06,1436486
AtlasQuantum,service,service,FALSE,FALSE,2018-08-25,261463
Atmeltomo,service,service,FALSE,FALSE,2021-04-16,580177
Audi,service,service,FALSE,FALSE,2019-08-14,2743539
Autocentrum,service,service,FALSE,FALSE,2018-02-04,143717
Autotrader,service,service,FALSE,FALSE,2023-01-06,20032
Avast,service,service,FALSE,FALSE,2014-05-26,422959
Avito,service,service,FALSE,FALSE,2022-11-18,2721835
Avvo,service,service,FALSE,FALSE,2019-12-17,4101101
B2BUSABusinesses,aggregator,combolist,TRUE,FALSE,2017-07-18,105059554
BabyNames,service,service,FALSE,FALSE,2008-10-24,846742
Badoo,service,service,FALSE,FALSE,2013-06-01,112005531
BannerBit,service,service,FALSE,FALSE,2018-12-29,213415
Banorte,service,service,FALSE,FALSE,2014-08-18,2107000
BattlefieldHeroes,service,service,FALSE,FALSE,2011-06-26,530270
Battlefy,service,service,FALSE,FALSE,2016-01-11,83610
BeautifulPeople,service,service,FALSE,FALSE,2015-11-11,1100089
Bell,service,service,FALSE,FALSE,2014-02-01,20902
Bell2017,service,service,FALSE,FALSE,2017-05-15,2231256
Benchmark,service,service,FALSE,FALSE,2019-11-01,93343
Bestialitysextaboo,service,service,FALSE,FALSE,2018-03-19,3204
Bhinneka,service,service,FALSE,FALSE,2020-01-27,1274340
bigbasket,service,service,FALSE,FALSE,2020-10-14,24500011
BigMoneyJobs,service,service,FALSE,FALSE,2014-04-03,36789
BinWeevils,service,service,FALSE,FALSE,2014-09-01,1287073
BiohackMe,service,service,FALSE,FALSE,2016-12-02,3402
BTSec,service,service,FALSE,FALSE,2014-01-09,4789599
BitcoinTalk,service,service,FALSE,FALSE,2015-05-22,501407
Bitly,service,service,FALSE,FALSE,2014-05-08,9313136
BitTorrent,service,service,FALSE,FALSE,2016-01-01,34235
BitView,service,service,FALSE,FALSE,2024-12-14,63127
BlackHatWorld,service,service,FALSE,FALSE,2014-06-23,777387
BlackBerryFans,service,service,FALSE,FALSE,2022-05-06,174168
BlackSpigotMC,service,service,FALSE,FALSE,2019-07-14,140029
BlankMediaGames,service,service,FALSE,FALSE,2018-12-28,7633234
BleachAnime,service,service,FALSE,FALSE,2015-01-01,143711
BloomsToday,service,service,FALSE,FALSE,2023-11-11,3184010
boAt,service,service,FALSE,FALSE,2024-03-25,7528985
Bolt,service,service,FALSE,FALSE,2017-03-01,995274
BombujEu,service,service,FALSE,FALSE,2018-12-07,575437
Bonobos,service,service,FALSE,FALSE,2020-08-14,2811929
Bookchor,service,service,FALSE,FALSE,2021-01-28,498297
BookCrossing,service,service,FALSE,FALSE,2012-11-05,1582323
Bookmate,service,service,FALSE,FALSE,2018-07-08,3830916
BotOfLegends,service,service,FALSE,FALSE,2014-11-13,238373
BourseDesVols,service,service,FALSE,FALSE,2021-01-12,1460130
Boxee,aggregator,aggregator,FALSE,FALSE,2014-03-29,158093
BrandNewTube,service,service,FALSE,FALSE,2022-08-14,349627
Brazzers,service,service,FALSE,FALSE,2013-04-01,790724
BreachForums,service,service,FALSE,FALSE,2022-11-29,212156
BreachForumsClone,service,service,FALSE,FALSE,2023-06-17,4204
BTCAlpha,service,service,FALSE,FALSE,2021-11-02,362426
BTCE,service,service,FALSE,FALSE,2014-10-01,568340
BtoBet,service,service,FALSE,FALSE,2019-12-26,444241
BudTrader,service,service,FALSE,FALSE,2024-06-27,2721185
Bukalapak,service,service,FALSE,FALSE,2017-10-23,13369666
BulgarianNationalRevenueAgency,service,service,FALSE,FALSE,2019-07-15,471167
BusinessAcumen,service,service,FALSE,FALSE,2014-04-25,26596
CafeMom,service,service,FALSE,FALSE,2014-04-10,2628148
CafePress,service,service,FALSE,FALSE,2019-02-20,23205290
CannabisForum,service,service,FALSE,FALSE,2014-02-05,227746
Canva,service,service,FALSE,FALSE,2019-05-24,137272116
CapialEconomics,service,service,FALSE,FALSE,2020-12-12,263829
CardingMafiaDec2021,service,service,FALSE,FALSE,2021-12-28,303877
CardingMafia,service,service,FALSE,FALSE,2021-03-18,297744
CashCrate,service,service,FALSE,FALSE,2016-11-17,6844490
Catho,service,service,FALSE,FALSE,2020-03-01,1173012
CDProjektRed,service,service,FALSE,FALSE,2016-03-01,1871373
CDEK,service,service,FALSE,FALSE,2022-03-09,19218203
CentralTickets,service,service,FALSE,FALSE,2024-07-01,722860
Chatbooks,service,service,FALSE,FALSE,2020-03-26,2520441
CheapAssGamer,service,service,FALSE,FALSE,2015-07-01,444767
Chegg,service,service,FALSE,FALSE,2018-04-28,39721127
Chess,aggregator,aggregator,FALSE,FALSE,2023-11-08,827620
Chowbus,service,service,FALSE,FALSE,2020-10-05,444224
ChrisLeong,service,service,FALSE,FALSE,2024-08-10,27096
Cit0day,combolist,combolist,FALSE,FALSE,2020-11-04,226883414
CityBee,service,service,FALSE,FALSE,2021-02-05,110156
CityJerks,service,service,FALSE,FALSE,2023-02-27,177554
CivilOnline,service,service,FALSE,FALSE,2011-07-10,7830195
ClashOfKings,service,service,FALSE,FALSE,2016-07-14,1604957
ClearVoiceSurveys,aggregator,aggregator,FALSE,FALSE,2015-08-23,15074786
ClickASnap,service,service,FALSE,FALSE,2022-09-24,3262980
ClixSense,service,service,FALSE,FALSE,2016-09-04,2424784
CloudPets,aggregator,aggregator,FALSE,FALSE,2017-01-01,583503
ClubPenguinRewritten,service,service,FALSE,FALSE,2018-01-21,1688176
ClubPenguinRewrittenJul2019,service,service,FALSE,FALSE,2019-07-27,4007909
Coachella,service,service,FALSE,FALSE,2017-02-22,599802
Coinmama,service,service,FALSE,FALSE,2017-08-03,478824
CoinMarketCap,service,service,FALSE,FALSE,2021-10-12,3117548
CoinTracker,service,service,FALSE,FALSE,2022-12-01,1557153
Collection1,combolist,combolist,FALSE,FALSE,2019-01-07,772904991
TelegramCombolists,combolist,combolist,FALSE,TRUE,2024-05-28,361468099
Comcast,service,service,FALSE,FALSE,2015-11-08,616882
COMELEC,service,service,FALSE,FALSE,2016-03-27,228605
CondoCom,service,service,FALSE,FALSE,2019-06-01,1481555
Convex,service,service,FALSE,FALSE,2023-02-01,150129
CouponMomAndArmorGames,service,service,FALSE,FALSE,2014-02-08,11010525
db8151dd,aggregator,aggregator,FALSE,FALSE,2020-02-20,22802117
CrackCommunity,service,service,FALSE,FALSE,2013-09-09,19210
CrackedTO,service,service,FALSE,FALSE,2019-07-21,749161
CrackingForum,service,service,FALSE,FALSE,2016-07-01,660305
CraftRise,service,service,FALSE,FALSE,2022-03-05,2532527
Creative,service,service,FALSE,FALSE,2018-05-01,483015
CrimeAgencyVBulletin,service,service,FALSE,FALSE,2017-01-19,942044
CrossFire,service,service,FALSE,FALSE,2016-08-08,12865609
CTARS,service,service,FALSE,FALSE,2021-05-21,12314
CutoutPro,service,service,FALSE,FALSE,2024-02-26,19972829
CyberServe,service,service,FALSE,FALSE,2021-10-29,1107034
D3scene,service,service,FALSE,FALSE,2016-01-01,568827
DaFont,service,service,FALSE,FALSE,2017-05-16,637340
DailyQuiz,service,service,FALSE,FALSE,2021-01-13,8032404
Dailymotion,service,service,FALSE,FALSE,2016-10-20,85176234
DailyObjects,combolist,combolist,FALSE,FALSE,2018-01-01,464260
Dangdang,service,service,FALSE,FALSE,2011-06-01,4848734
DaniWeb,service,service,FALSE,FALSE,2015-12-01,1131636
DataAndLeads,aggregator,aggregator,FALSE,FALSE,2018-11-14,44320330
PDL,aggregator,aggregator,FALSE,FALSE,2019-10-16,622161052
DataEnrichment,aggregator,aggregator,FALSE,FALSE,2016-12-23,8176132
DataCamp,service,service,FALSE,FALSE,2017-01-30,760561
DateHotBrunettes,service,service,FALSE,FALSE,2021-01-12,1494078
DatPiff,service,service,FALSE,FALSE,2021-08-25,7476940
Dave,service,service,FALSE,FALSE,2020-06-28,2964182
dBforums,service,service,FALSE,FALSE,2016-07-04,363468
DCHealth,service,service,FALSE,FALSE,2023-03-06,48145
Deezer,service,service,FALSE,FALSE,2019-04-22,229037936
DemandScience,aggregator,service,TRUE,FALSE,2024-02-28,121796165
DemonForums,service,service,FALSE,FALSE,2019-02-20,52623
DennisKirk,service,service,FALSE,FALSE,2021-09-04,1356026
Descomplica,service,service,FALSE,FALSE,2021-03-14,4845378
DevilTorrents,service,service,FALSE,FALSE,2021-01-04,63451
devkitPro,service,service,FALSE,FALSE,2019-02-03,1508
DietCom,service,service,FALSE,FALSE,2014-08-10,1383759
digiDirect,service,service,FALSE,FALSE,2024-09-29,304337
Digimon,combolist,combolist,FALSE,FALSE,2016-09-05,7687679
Disqus,service,service,FALSE,FALSE,2012-07-01,17551044
DivXSubTitles,service,service,FALSE,FALSE,2010-01-01,783058
DLH,service,service,FALSE,FALSE,2016-07-31,3264710
Dodonew,service,service,FALSE,FALSE,2011-12-01,8718404
Dominos,service,service,FALSE,FALSE,2014-06-13,648231
DominosIndia,service,service,FALSE,FALSE,2021-03-24,22527655
Doomworld,service,service,FALSE,FALSE,2022-10-12,34478
DoorDash,service,service,FALSE,FALSE,2022-08-02,367476
Dota2,service,service,FALSE,FALSE,2016-07-10,1907205
Doxbin,service,service,FALSE,FALSE,2022-01-05,370794
DoxbinScrape,aggregator,aggregator,FALSE,FALSE,2025-01-24,435784
DriveSure,service,service,FALSE,FALSE,2020-12-19,3675099
Drizly,service,service,FALSE,FALSE,2020-07-02,2479044
Dropbox,service,service,FALSE,FALSE,2012-07-01,68648009
Dubsmash,service,service,FALSE,FALSE,2018-12-01,161749950
DucksUnlimited,service,service,FALSE,FALSE,2021-01-29,1324364
DuelingNetwork,service,service,FALSE,FALSE,2017-03-29,6486626
DDO,service,service,FALSE,FALSE,2013-04-02,1580933
Dunzo,service,service,FALSE,FALSE,2020-06-19,3465259
Duolingo,aggregator,aggregator,FALSE,FALSE,2023-01-24,2676696
Duowan,service,service,FALSE,FALSE,2011-01-01,2639894
DVDShopCH,service,service,FALSE,FALSE,2017-12-05,67973
Dymocks,service,service,FALSE,FALSE,2023-06-20,836120
Earth2,service,service,FALSE,FALSE,2024-10-16,420961
Eatigo,service,service,FALSE,FALSE,2018-10-16,2789609
EatStreet,service,service,FALSE,FALSE,2019-05-03,6353564
ECCIE,service,service,FALSE,FALSE,2021-07-01,536923
Edmodo,service,service,FALSE,FALSE,2017-05-11,43423561
Elance,service,service,FALSE,FALSE,2009-01-01,1291178
Elanic,service,service,FALSE,FALSE,2018-01-01,2325283
ElasticsearchSalesLeads,service,service,FALSE,FALSE,2018-10-29,5788169
Emotet,combolist,combolist,FALSE,TRUE,2021-01-27,4324770
Emuparadise,service,service,FALSE,FALSE,2018-04-01,1131229
ECB,service,service,FALSE,FALSE,2024-03-23,43299
EPal,service,service,FALSE,FALSE,2022-04-15,108887
EpicGames,service,service,FALSE,FALSE,2016-08-11,251661
EpicBot,service,service,FALSE,FALSE,2019-09-01,816662
EpicNPC,service,service,FALSE,FALSE,2016-01-02,408795
Epik,service,aggregator,TRUE,FALSE,2021-09-13,15003961
Eroticy,service,service,FALSE,FALSE,2015-06-01,1370175
Eskimi,service,service,FALSE,FALSE,2020-09-25,1197620
EstanteVirtual,service,service,FALSE,FALSE,2019-02-28,5412603
Estonia,service,service,FALSE,FALSE,2018-06-07,655161
eThekwiniMunicipality,service,service,FALSE,FALSE,2016-09-07,81830
Ethereum,service,service,FALSE,FALSE,2016-12-16,16431
EuropaJobs,service,service,FALSE,FALSE,2019-08-11,226095
Evermotion,service,service,FALSE,FALSE,2015-05-07,435510
EverybodyEdits,service,service,FALSE,FALSE,2019-03-23,871190
Evite,service,service,FALSE,FALSE,2013-08-11,100985047
Evony,service,service,FALSE,FALSE,2016-06-01,29396116
Exactis,aggregator,aggregator,FALSE,FALSE,2018-06-01,131577763
Experian,service,service,FALSE,FALSE,2015-09-16,7196890
Experian2020,service,service,FALSE,FALSE,2020-08-19,1284637
ExploitIn,combolist,combolist,FALSE,FALSE,2016-10-13,593427119
ExploreTalentAug2024,service,service,FALSE,FALSE,2024-08-15,8929384
ExploreTalent,service,service,FALSE,FALSE,2022-02-28,5371574
VINs,service,service,FALSE,FALSE,2017-06-05,396650
Exvagos,service,service,FALSE,FALSE,2022-07-21,2121789
Eye4Fraud,service,service,FALSE,FALSE,2023-01-25,16000591
EyeEm,service,service,FALSE,FALSE,2018-02-28,19611022
Facebook,service,service,FALSE,FALSE,2019-08-01,509458528
FacebookMarketplace,service,service,FALSE,FALSE,2023-10-01,77267
Facepunch,service,service,FALSE,FALSE,2016-06-03,342913
FaceUP,service,service,FALSE,FALSE,2013-01-01,87633
Factual,aggregator,aggregator,FALSE,FALSE,2017-03-22,2461696
FairVoteCanada,service,service,FALSE,FALSE,2024-03-02,134336
Famm,service,service,FALSE,FALSE,2020-10-08,535240
Fanpass,service,service,FALSE,FALSE,2022-04-30,112251
FantasyFootballHub,service,service,FALSE,FALSE,2021-10-02,66479
WhiteRoom,service,service,FALSE,FALSE,2018-07-09,1279263
FashionFantasyGame,service,service,FALSE,FALSE,2016-12-01,2357872
FilmaiIn,service,service,FALSE,FALSE,2020-01-01,645786
FFShrine,service,service,FALSE,FALSE,2015-09-18,620677
Finsure,service,service,FALSE,FALSE,2024-10-15,296124
Fitmart,service,service,FALSE,FALSE,2021-10-01,214492
FlashFlashRevolution,service,service,FALSE,FALSE,2016-02-01,1771845
FlashFlashRevolution2019,service,service,FALSE,FALSE,2019-07-16,1858124
Flashback,service,service,FALSE,FALSE,2015-02-11,40256
FlexBooker,service,service,FALSE,FALSE,2021-12-23,3756794
Fling,service,service,FALSE,FALSE,2011-03-10,40767652
FlipaClip,service,service,FALSE,FALSE,2024-11-18,892854
FLVS,service,service,FALSE,FALSE,2018-02-12,542902
RobloxDeveloperConference2024,service,service,FALSE,FALSE,2024-07-04,10386
Foodora,service,service,FALSE,FALSE,2016-04-22,582578
Forbes,service,service,FALSE,FALSE,2014-02-15,1057819
ForumCommunity,service,service,FALSE,FALSE,2016-06-01,776648
Fotolog,service,service,FALSE,FALSE,2018-12-01,16717854
FoxyBingo,service,service,FALSE,FALSE,2008-04-04,252216
FrameAndOptic,service,service,FALSE,FALSE,2025-01-16,15678
FreedomHostingII,service,service,FALSE,FALSE,2017-01-31,380830
FrenchCitizens,aggregator,aggregator,FALSE,FALSE,2024-09-25,28445106
FreshMenu,service,service,FALSE,FALSE,2016-07-01,110355
Fridae,service,service,FALSE,FALSE,2014-05-02,35368
Funimation,service,service,FALSE,FALSE,2016-07-01,2491103
FunnyGames,service,service,FALSE,FALSE,2018-04-28,764357
FurAffinity,service,service,FALSE,FALSE,2016-05-17,1270564
Gaadi,service,service,FALSE,FALSE,2015-05-14,4261179
Gab,service,service,FALSE,FALSE,2021-02-26,66521
GamerzPlanet,service,service,FALSE,FALSE,2015-10-23,1217166
GamesBox,service,service,FALSE,FALSE,2020-09-21,1439354
GameSalad,service,service,FALSE,FALSE,2019-02-24,1506242
GameSprite,service,service,FALSE,FALSE,2019-12-17,6164643
GameTuts,service,service,FALSE,FALSE,2015-03-01,2064274
GameVN,service,service,FALSE,FALSE,2016-05-01,1369485
Gamigo,service,service,FALSE,FALSE,2012-03-01,8243604
GamingMonk,service,service,FALSE,FALSE,2020-12-02,654510
GateHub,service,service,FALSE,FALSE,2019-06-04,1408078
Gawker,service,service,FALSE,FALSE,2010-12-11,1247574
Gett,service,service,FALSE,FALSE,2017-05-04,2481121
GeekedIn,aggregator,aggregator,FALSE,FALSE,2016-08-15,1073164
Gemini,service,service,FALSE,FALSE,2022-12-13,5274214
Gemplex,service,service,FALSE,FALSE,2021-02-18,4563166
GenesisMarket,service,service,FALSE,FALSE,2023-04-05,8000000
GeniusU,service,service,FALSE,FALSE,2020-10-02,1301460
GetRevengeOnYourEx,service,service,FALSE,FALSE,2022-09-09,79195
GFAN,service,service,FALSE,FALSE,2016-10-10,22526334
GGCorp,service,service,FALSE,FALSE,2022-08-11,2376330
GiantTiger,service,service,FALSE,FALSE,2024-03-04,2842669
GiveSendGo,service,service,FALSE,FALSE,2022-02-07,89966
GLAMIRA,service,service,FALSE,FALSE,2023-12-16,874594
Glofox,service,service,FALSE,FALSE,2020-03-27,2330735
GoGames,service,service,FALSE,FALSE,2015-10-24,3430083
GoNinja,service,service,FALSE,FALSE,2019-12-17,4999001
GoldSilver,service,service,FALSE,FALSE,2018-10-21,242715
gPotato,service,service,FALSE,FALSE,2007-07-12,2136520
GPSUnderground,service,service,FALSE,FALSE,2016-07-01,669584
Gravatar,aggregator,aggregator,FALSE,FALSE,2020-10-03,113990759
GSMHosting,service,service,FALSE,FALSE,2016-08-01,2607440
GTAGaming,service,service,FALSE,FALSE,2016-08-01,197184
GunAuction,service,service,FALSE,FALSE,2022-12-03,565470
Playgar,service,service,FALSE,FALSE,2016-04-01,143569
GunsDotCom,service,service,FALSE,FALSE,2021-01-12,375928
Guntrader,service,service,FALSE,FALSE,2021-07-17,112031
HackForums,service,service,FALSE,FALSE,2011-06-25,191540
HackingTeam,service,service,FALSE,FALSE,2015-07-06,32310
Hathway,service,service,FALSE,FALSE,2023-12-17,4670080
HauteLook,service,service,FALSE,FALSE,2018-08-07,28510459
Havenly,service,service,FALSE,FALSE,2020-06-25,1369180
HDBFinancialServices,service,service,FALSE,FALSE,2023-02-22,1658750
HealthNowNetworks,service,service,FALSE,FALSE,2017-03-25,321920
HeatGames,service,service,FALSE,FALSE,2021-06-12,647896
Hemmakvall,service,service,FALSE,FALSE,2015-07-08,47297
Hemmelig,service,service,FALSE,FALSE,2011-12-21,28641
HeroesOfGaia,service,service,FALSE,FALSE,2013-01-04,179967
HeroesOfNewerth,service,service,FALSE,FALSE,2012-12-17,8089103
HIAPK,service,service,FALSE,FALSE,2014-01-01,13873674
Hjedd,service,service,FALSE,FALSE,2022-07-18,13204029
HLTV,service,service,FALSE,FALSE,2016-06-19,611070
HomeChef,service,service,FALSE,FALSE,2020-02-10,8815692
HongFire,service,service,FALSE,FALSE,2015-03-01,999991
HookersNL,service,service,FALSE,FALSE,2019-10-10,290955
Hopamedia,aggregator,aggregator,FALSE,FALSE,2020-08-30,23835870
HorseIsle,service,service,FALSE,FALSE,2020-09-19,27786
HotTopic,service,service,FALSE,FALSE,2024-10-19,56904909
HoundDawgs,service,service,FALSE,FALSE,2017-12-30,45701
Houzz,service,service,FALSE,FALSE,2018-05-23,48881308
HTCMania,service,service,FALSE,FALSE,2020-01-04,1488089
HTHStudios,service,service,FALSE,FALSE,2018-08-24,411755
Hub4Tech,service,service,FALSE,FALSE,2017-01-01,36916
HuntStand,aggregator,aggregator,FALSE,FALSE,2024-03-08,2795947
Hurb,service,service,FALSE,FALSE,2019-03-14,20727771
HuskyOwners,service,service,FALSE,FALSE,2024-07-04,16502
iDTech,service,service,FALSE,FALSE,2023-01-03,415121
IDCGames,service,service,FALSE,FALSE,2021-03-15,3966871
iDressup,service,service,FALSE,FALSE,2016-07-15,2191565
IIMJobs,service,service,FALSE,FALSE,2018-12-31,4216063
ILikeCheats,service,service,FALSE,FALSE,2014-10-18,188847
Imavex,service,service,FALSE,FALSE,2021-08-20,878209
iMenu360,service,service,FALSE,FALSE,2022-08-11,3425860
iMesh,service,service,FALSE,FALSE,2013-09-22,49467477
imgur,service,service,FALSE,FALSE,2013-09-01,1749806
IndiaMART,service,service,FALSE,FALSE,2021-05-23,20154583
IndianRailways,service,service,FALSE,FALSE,2019-10-28,583377
IndiHome,service,service,FALSE,FALSE,2019-11-01,12629245
InflateVids,service,service,FALSE,FALSE,2023-12-12,13405
Insanelyi,service,service,FALSE,FALSE,2014-07-22,104097
InstantCheckmate,service,service,FALSE,FALSE,2019-04-12,11943887
InstitutoNacionalDeDeportesDeChile,service,service,FALSE,FALSE,2024-09-12,319613
Intelimost,combolist,combolist,FALSE,FALSE,2019-03-10,3073409
InternetArchive,service,service,FALSE,FALSE,2024-09-28,31081179
Interpals,service,service,FALSE,FALSE,2015-11-04,3439414
iPmart,service,service,FALSE,FALSE,2015-07-01,2460787
ixigo,service,service,FALSE,FALSE,2019-01-03,17204697
JamTangan,service,service,FALSE,FALSE,2021-07-06,434784
James,service,service,FALSE,FALSE,2020-03-25,1541284
JD,service,service,FALSE,FALSE,2013-01-01,77449341
JDGroup,service,service,FALSE,FALSE,2023-05-31,521878
Jefit,service,service,FALSE,FALSE,2020-08-11,9052457
JobAndTalent,service,service,FALSE,FALSE,2018-02-01,10981207
JobStreet,service,service,FALSE,FALSE,2012-03-07,3883455
Jobzone,service,service,FALSE,FALSE,2023-04-15,29708
JoomlArt,service,service,FALSE,FALSE,2018-01-30,22477
JoyGames,service,service,FALSE,FALSE,2019-12-14,4461787
JukinMedia,service,service,FALSE,FALSE,2021-10-28,314290
JustDate,service,service,FALSE,FALSE,2016-09-29,24451312
Kaneva,service,service,FALSE,FALSE,2016-07-01,3901179
KasperskyClub,service,service,FALSE,FALSE,2024-03-24,55971
KayoMoe,combolist,combolist,FALSE,FALSE,2018-09-11,41826763
Kickstarter,service,service,FALSE,FALSE,2014-02-16,5176463
Kimsufi,service,service,FALSE,FALSE,2015-05-01,504565
KitchenPal,service,service,FALSE,FALSE,2023-11-14,98726
KiwiFarms,service,service,FALSE,FALSE,2019-09-10,4606
KMRU,service,service,FALSE,FALSE,2016-02-29,1476783
KnownCircle,service,service,FALSE,FALSE,2016-04-12,1957600
Knuddels,service,service,FALSE,FALSE,2018-09-05,808330
KomplettFritid,service,service,FALSE,FALSE,2021-02-01,139401
Kreditplus,service,service,FALSE,FALSE,2020-06-23,768890
LaPosteMobile,service,service,FALSE,FALSE,2022-07-04,533886
Ladies,service,service,FALSE,FALSE,2024-07-03,118809
Lanwar,service,service,FALSE,FALSE,2018-07-28,45120
Lastfm,service,service,FALSE,FALSE,2012-03-22,37217682
Lazada,service,service,FALSE,FALSE,2020-07-30,1107789
LBB,service,service,FALSE,FALSE,2019-02-14,39288
LDLC,service,service,FALSE,FALSE,2024-02-28,1266026
LeCoqSportif,service,service,FALSE,FALSE,2023-05-01,79712
LeSlipFrancais,service,service,FALSE,FALSE,2024-04-13,1495127
LeadHunter,aggregator,aggregator,FALSE,FALSE,2020-03-04,68693853
LeagueOfLegends,service,service,FALSE,FALSE,2012-06-11,339487
LeakedReality,service,service,FALSE,FALSE,2022-01-31,114907
Ledger,service,service,FALSE,FALSE,2020-06-25,1075241
Leet,service,service,FALSE,FALSE,2016-09-10,5081689
LegendasTV,service,service,FALSE,FALSE,2017-10-01,3869181
Life360,aggregator,aggregator,FALSE,FALSE,2024-03-01,442519
Lifebear,service,service,FALSE,FALSE,2019-02-28,3670561
Lifeboat,service,service,FALSE,FALSE,2016-01-01,7089395
LightsHope,service,service,FALSE,FALSE,2018-06-25,30484
Liker,aggregator,aggregator,FALSE,FALSE,2021-03-08,465141
LimeVPN,service,service,FALSE,FALSE,2020-10-08,23348
LinkedIn,service,service,FALSE,FALSE,2012-05-05,164611595
LinkedInScrape2023,combolist,combolist,FALSE,FALSE,2023-11-04,19788753
LinkedInScrape,aggregator,aggregator,FALSE,FALSE,2021-04-08,125698496
LinuxForums,service,service,FALSE,FALSE,2018-05-01,275785
LinuxMint,service,service,FALSE,FALSE,2016-02-21,144989
LittleMonsters,service,service,FALSE,FALSE,2017-01-01,995698
LiveAuctioneers,service,service,FALSE,FALSE,2020-06-19,3385862
LiveJournal,service,service,FALSE,FALSE,2017-01-01,26372781
Livpure,service,service,FALSE,FALSE,2020-08-29,269552
LizardSquad,service,service,FALSE,FALSE,2015-01-16,13451
Locally,service,service,FALSE,FALSE,2022-10-01,362619
Lolzteam,service,service,FALSE,FALSE,2018-05-13,398011
Lookbook,service,service,FALSE,FALSE,2012-08-24,1074948
Lookiero,service,service,FALSE,FALSE,2024-03-27,4981760
LOTR,service,service,FALSE,FALSE,2013-08-01,1141278
LoungeBoard,service,service,FALSE,FALSE,2013-08-01,45018
LuLu,service,service,FALSE,FALSE,2024-07-06,2796835
LuminPDF,service,aggregator,TRUE,FALSE,2019-04-01,15453048
Luxottica,service,service,FALSE,FALSE,2021-03-16,77093812
LyricsMania,service,service,FALSE,FALSE,2017-12-21,109202
MacForums,service,service,FALSE,FALSE,2016-07-03,326714
MacGeneration,service,service,FALSE,FALSE,2022-01-29,101004
Mac-Torrents,service,service,FALSE,FALSE,2015-10-31,93992
MagicDuel,service,service,FALSE,FALSE,2023-08-02,138443
MailRu,service,service,FALSE,FALSE,2014-09-10,16630988
MajorGeeks,service,service,FALSE,FALSE,2015-11-15,269548
MalindoAir,service,service,FALSE,FALSE,2019-03-01,4328232
MallCZ,service,service,FALSE,FALSE,2017-07-27,735405
Malwarebytes,combolist,combolist,FALSE,FALSE,2014-11-15,111623
MangaTraders,service,service,FALSE,FALSE,2014-06-09,855249
MangaDex,service,service,FALSE,FALSE,2021-03-22,2987329
MangaFox,service,service,FALSE,FALSE,2016-06-01,1311610
Mangatoon,service,service,FALSE,FALSE,2022-05-13,23040238
ManipulatedCaiman,combolist,combolist,FALSE,FALSE,2023-07-16,39901389
Mappery,service,service,FALSE,FALSE,2018-12-11,205242
MarketMoveis,service,service,FALSE,FALSE,2023-08-30,28220
Mashable,service,service,FALSE,FALSE,2020-06-01,1414677
MasterDeeds,service,service,FALSE,FALSE,2017-03-14,2257930
MastercardPricelessSpecials,service,service,FALSE,FALSE,2019-08-20,89388
Mate1,service,service,FALSE,FALSE,2016-02-29,27393015
Mathway,service,service,FALSE,FALSE,2020-01-13,25692862
MC2Data,aggregator,aggregator,FALSE,FALSE,2024-08-18,2122280
MCBans,service,service,FALSE,FALSE,2016-10-27,119948
MDPI,aggregator,aggregator,FALSE,FALSE,2016-08-30,845012
MechoDownload,service,service,FALSE,FALSE,2013-10-31,437928
MediaWorks,service,service,FALSE,FALSE,2023-03-15,162710
MeetMindful,service,service,FALSE,FALSE,2020-01-26,1422717
MemeChat,service,service,FALSE,FALSE,2022-06-01,4348570
MEO,service,service,FALSE,FALSE,2020-12-24,8227
MGM,service,service,FALSE,FALSE,2019-07-25,3081321
MGM2022Update,service,service,FALSE,FALSE,2019-07-25,24842001
MindJolt,service,service,FALSE,FALSE,2019-03-18,28364826
MinecraftPocketEditionForum,service,service,FALSE,FALSE,2015-05-24,16034
MinecraftWorldMap,service,service,FALSE,FALSE,2016-01-15,71081
Minefield,service,service,FALSE,FALSE,2015-06-28,188343
Minehut,service,service,FALSE,FALSE,2019-05-17,396533
Minted,service,service,FALSE,FALSE,2020-05-06,4418182
Flipkart,service,service,FALSE,FALSE,2022-09-02,552094
Habibs,service,service,FALSE,FALSE,2021-08-05,3517679
MMGFusion,service,service,FALSE,FALSE,2020-12-20,2660295
MobiFriends,service,service,FALSE,FALSE,2020-01-06,3512952
MoDaCo,service,service,FALSE,FALSE,2016-01-01,879703
ModernBusinessSolutions,service,service,FALSE,FALSE,2016-10-08,58843488
MoneyBookers,service,service,FALSE,FALSE,2009-01-01,4483605
Moneycontrol,service,service,FALSE,FALSE,2017-09-07,762874
MoreleNet,service,service,FALSE,FALSE,2018-10-10,2467304
MortalOnline,service,service,FALSE,FALSE,2018-06-17,606637
MovieForums,service,service,FALSE,FALSE,2022-11-24,39914
MovieBoxPro,aggregator,aggregator,FALSE,FALSE,2024-04-15,6009014
MPGH,service,service,FALSE,FALSE,2015-10-22,3122898
MrGreenGaming,service,service,FALSE,FALSE,2024-03-01,27123
MrExcel,service,service,FALSE,FALSE,2016-12-05,366140
MSI,service,service,FALSE,FALSE,2024-07-07,249990
mSpy,service,service,FALSE,FALSE,2015-05-14,699793
mSpy2024,service,service,FALSE,FALSE,2024-06-09,2394179
Muah,service,service,FALSE,FALSE,2024-09-17,1910261
MultiplayerIt,service,service,FALSE,FALSE,2018-09-01,503957
MuslimDirectory,service,service,FALSE,FALSE,2014-02-17,37784
MuslimMatch,service,service,FALSE,FALSE,2016-06-24,149830
MyFHA,service,service,FALSE,FALSE,2015-02-18,972629
MyFitnessPal,service,service,FALSE,FALSE,2018-02-01,143606147
MyHeritage,service,service,FALSE,FALSE,2017-10-26,91991358
MyPertamina,service,service,FALSE,FALSE,2022-11-01,5970416
myRepoSpace,service,service,FALSE,FALSE,2015-07-06,252751
MySpace,service,service,FALSE,FALSE,2008-07-01,359420698
MyVidster,service,service,FALSE,FALSE,2015-08-15,19863
NamelessMalware,combolist,combolist,FALSE,TRUE,2020-01-01,1121484
NapsGear,service,service,FALSE,FALSE,2015-10-21,287071
NationalPublicData,service,service,FALSE,FALSE,2024-04-09,133957569
NaughtyAmerica,service,service,FALSE,FALSE,2016-03-14,1398630
NazApi,combolist,combolist,FALSE,TRUE,2023-09-20,70840771
NeimanMarcus,service,service,FALSE,FALSE,2024-04-14,31152842
NemoWeb,combolist,combolist,FALSE,FALSE,2016-09-04,3472916
Neopets,service,service,FALSE,FALSE,2013-05-05,26892897
NetEase,service,service,FALSE,FALSE,2015-10-19,234842089
Neteller,service,service,FALSE,FALSE,2010-05-17,3619948
NetGalley,service,service,FALSE,FALSE,2020-12-21,1436435
Netlog,service,service,FALSE,FALSE,2012-11-01,49038354
NetProspex,combolist,combolist,FALSE,FALSE,2016-09-01,33698126
Netshoes,service,service,FALSE,FALSE,2017-12-07,499836
NextGenUpdate,service,service,FALSE,FALSE,2014-04-22,1194597
NexusMods,service,service,FALSE,FALSE,2013-07-22,5915013
Nihonomaru,service,service,FALSE,FALSE,2015-12-01,1697282
Nitro,service,service,FALSE,FALSE,2020-09-28,77159696
Nival,service,service,FALSE,FALSE,2016-02-29,1535473
NonNudeGirls,service,service,FALSE,FALSE,2013-05-21,75383
NotAcxiom,aggregator,aggregator,FALSE,FALSE,2020-06-21,51730831
NotSOCRadar,aggregator,aggregator,FALSE,FALSE,2024-08-03,282478425
NulledCH,service,service,FALSE,FALSE,2020-05-20,43491
Nulled,service,service,FALSE,FALSE,2016-05-06,599080
NurseryCam,service,service,FALSE,FALSE,2021-02-12,10585
NVIDIA,service,service,FALSE,FALSE,2022-02-23,71335
OGUsers,service,service,FALSE,FALSE,2018-12-26,161143
OGUsers2020,service,service,FALSE,FALSE,2020-04-02,263189
OGUsers2021,service,service,FALSE,FALSE,2021-04-11,348302
OGUsers2022,service,service,FALSE,FALSE,2022-07-13,529020
OMGPOP,service,service,FALSE,FALSE,2013-01-01,7071293
OnlineTrade,service,service,FALSE,FALSE,2022-09-19,3805265
OnlinerSpambot,combolist,combolist,FALSE,FALSE,2017-08-28,711477622
Onverse,service,service,FALSE,FALSE,2016-01-01,800157
OpenCSGO,service,service,FALSE,FALSE,2017-11-28,512311
OpenSubtitles,service,service,FALSE,FALSE,2021-08-01,6783158
OperationEndgame,service,service,FALSE,FALSE,2024-05-30,16466858
OrderSnapp,service,service,FALSE,FALSE,2020-06-29,1304447
OrdineAvvocatiDiRoma,service,service,FALSE,FALSE,2019-05-07,41960
Otelier,service,service,FALSE,FALSE,2024-07-01,436855
OVH,service,service,FALSE,FALSE,2015-05-01,452899
OwnedCore,service,service,FALSE,FALSE,2013-08-01,880331
Oxfam,service,service,FALSE,FALSE,2021-01-20,1834006
PaddyPower,service,service,FALSE,FALSE,2010-10-25,590954
Pampling,service,service,FALSE,FALSE,2020-01-04,383468
Pandabuy,service,service,FALSE,FALSE,2024-03-31,1348407
ParagonCheats,service,service,FALSE,FALSE,2021-05-22,188089
ParkMobile,service,service,FALSE,FALSE,2021-03-21,20949825
Patreon,service,service,FALSE,FALSE,2015-10-01,2330382
PayAsUGym,service,service,FALSE,FALSE,2016-12-15,400260
PayHere,service,service,FALSE,FALSE,2022-03-27,1580249
PaySystemTech,service,service,FALSE,FALSE,2022-04-29,1410764
Paytm,service,service,FALSE,FALSE,2020-08-30,3395101
pcTattletale,service,service,FALSE,FALSE,2024-05-25,138751
Peatix,service,service,FALSE,FALSE,2019-01-20,4227907
Pemiblanc,combolist,combolist,FALSE,FALSE,2018-04-02,110964206
PeoplesEnergy,service,service,FALSE,FALSE,2020-12-16,358822
PetFlow,service,service,FALSE,FALSE,2017-12-09,990919
CERTPolandPhish,service,service,FALSE,FALSE,2023-02-25,67943
Phoenix,service,service,FALSE,FALSE,2021-06-05,74776
PhoneHouse,service,service,FALSE,FALSE,2021-04-08,5223350
PHPFreaks,service,service,FALSE,FALSE,2015-10-27,173891
PipingRock,service,service,FALSE,FALSE,2024-04-24,2103100
PixelFederation,service,service,FALSE,FALSE,2013-12-04,38108
Pixlr,service,service,FALSE,FALSE,2020-10-07,1906808
piZap,service,service,FALSE,FALSE,2017-12-07,41817893
PlanetCalypso,service,service,FALSE,FALSE,2019-07-01,62261
PlanetIce,service,service,FALSE,FALSE,2023-01-14,240488
Playbook,service,service,FALSE,FALSE,2020-10-19,50538
PlayCyberGames,service,service,FALSE,FALSE,2023-08-09,3681753
Plex,service,service,FALSE,FALSE,2015-07-02,327314
PlutoTV,service,service,FALSE,FALSE,2018-10-12,3225080
Pokebip,service,service,FALSE,FALSE,2015-07-28,657001
PokemonCreed,service,service,FALSE,FALSE,2014-08-08,116465
PokemonNegro,service,service,FALSE,FALSE,2016-10-01,830155
PoliceOne,service,service,FALSE,FALSE,2014-07-01,709926
PolishCredentials,combolist,combolist,FALSE,FALSE,2023-05-29,1204870
Poshmark,service,service,FALSE,FALSE,2018-05-16,36395491
Powerbot,service,service,FALSE,FALSE,2014-09-01,503501
PPCGeeks,service,service,FALSE,FALSE,2016-08-19,492518
PreenMe,aggregator,aggregator,FALSE,FALSE,2020-05-25,236105
ProctorU,service,service,FALSE,FALSE,2020-06-26,444453
ProgrammingForums,service,service,FALSE,FALSE,2015-12-01,707432
Promo,service,service,FALSE,FALSE,2020-06-22,14610585
Promofarma,service,service,FALSE,FALSE,2019-08-03,1277761
PropTiger,service,service,FALSE,FALSE,2018-01-30,2156921
Protemps,service,service,FALSE,FALSE,2021-10-04,49591
PS3Hax,service,service,FALSE,FALSE,2015-07-01,447410
PSPISO,service,service,FALSE,FALSE,2015-09-25,1274070
PSX-Scene,service,service,FALSE,FALSE,2015-02-01,341118
BVD,combolist,combolist,FALSE,FALSE,2021-08-19,27917714
Qakbot,combolist,combolist,FALSE,TRUE,2023-08-29,6431319
QatarNationalBank,service,service,FALSE,FALSE,2015-07-01,88678
QIP,service,service,FALSE,FALSE,2011-06-01,26183992
QuantumBooter,service,service,FALSE,FALSE,2014-03-18,48592
QuestionPro,service,service,FALSE,FALSE,2022-05-21,22229637
Quidd,service,service,FALSE,FALSE,2019-07-01,3805863
QuinStreet,service,service,FALSE,FALSE,2015-12-14,4907802
R2-2017,service,service,FALSE,FALSE,2017-01-01,1023466
R2Games,service,service,FALSE,FALSE,2015-11-01,22281337
RaidForums,service,service,FALSE,FALSE,2020-09-24,478604
RailYatri,service,service,FALSE,FALSE,2022-12-26,23209732
Rambler,service,service,FALSE,FALSE,2014-03-01,91436280
Rankwatch,combolist,combolist,FALSE,FALSE,2016-11-19,7445067
Raychat,service,service,FALSE,FALSE,2021-01-31,938981
RbxRocks,service,service,FALSE,FALSE,2018-08-06,149958
ReadNovel,service,service,FALSE,FALSE,2019-05-01,22424472
RealEstateMogul,service,service,FALSE,FALSE,2016-09-06,307768
RealDudesInc,service,service,FALSE,FALSE,2022-10-22,101543
RedDoorz,service,service,FALSE,FALSE,2020-09-04,5890277
RedLineStealer,combolist,combolist,FALSE,TRUE,2021-12-05,441657
BlueSnapRegpack,aggregator,aggregator,FALSE,FALSE,2016-05-20,104977
Reincubate,service,service,FALSE,FALSE,2017-05-11,616146
RentoMojo,service,service,FALSE,FALSE,2023-04-15,2185697
RepublicanPartyOfTexas,service,service,FALSE,FALSE,2021-09-11,72596
RetinaX,service,service,FALSE,FALSE,2017-02-23,71153
Reverb-Nation,service,service,FALSE,FALSE,2014-01-01,7040725
Rightbiz,service,service,FALSE,FALSE,2023-07-09,65376
RiverCityMedia,combolist,combolist,FALSE,FALSE,2017-01-01,393430309
Robinhood,service,service,FALSE,FALSE,2021-11-03,5003937
Roblox,aggregator,aggregator,FALSE,FALSE,2016-07-31,52458
RobloxDeveloperConference,service,service,FALSE,FALSE,2020-12-18,3943
Roll20,service,service,FALSE,FALSE,2018-12-26,3994436
Romwe,service,service,FALSE,FALSE,2018-06-01,19531820
RosebuttBoard,service,service,FALSE,FALSE,2016-05-09,107303
RoyalEnfield,aggregator,aggregator,FALSE,FALSE,2019-01-01,420873
RussianAmerica,service,service,FALSE,FALSE,2017-01-01,182717
SalvadoranCitizens,service,service,FALSE,FALSE,2024-04-02,946989
SaverSpy,combolist,combolist,FALSE,FALSE,2018-09-18,2457420
SCDailyPhoneSpamList,combolist,combolist,FALSE,FALSE,2015-04-14,32939105
Scentbird,service,service,FALSE,FALSE,2020-06-22,5814988
schenkYOU,service,service,FALSE,FALSE,2024-08-15,237349
Scholastic,service,service,FALSE,FALSE,2025-01-08,4247768
SchoolDistrict42,service,service,FALSE,FALSE,2023-01-15,18850
Seedpeer,service,service,FALSE,FALSE,2015-07-12,281924
SeniorDating,service,service,FALSE,FALSE,2024-11-23,765517
Sephora,service,service,FALSE,FALSE,2017-01-09,780073
ServerPact,service,service,FALSE,FALSE,2016-01-01,73587
SevenRooms,service,service,FALSE,FALSE,2022-12-11,1205385
Shadi,service,service,FALSE,FALSE,2016-07-09,2021984
Shadow,service,service,FALSE,FALSE,2023-09-28,543295
ShareThis,service,service,FALSE,FALSE,2018-07-09,40960499
SHEIN,service,service,FALSE,FALSE,2018-06-01,39086762
Shitexpress,service,service,FALSE,FALSE,2022-08-08,23817
ShockGore,service,service,FALSE,FALSE,2020-08-11,73944
ShoeZone,service,service,FALSE,FALSE,2024-06-28,46140
ShopBack,service,service,FALSE,FALSE,2020-09-17,20529819
ShopperPlus,service,service,FALSE,FALSE,2020-09-14,878290
ShortEdition,service,service,FALSE,FALSE,2021-06-26,505466
Shotbow,service,service,FALSE,FALSE,2016-05-09,1052753
SirHurt,service,service,FALSE,FALSE,2021-04-23,90655
SitePoint,service,service,FALSE,FALSE,2020-06-20,1021790
SkTorrent,service,service,FALSE,FALSE,2016-02-19,117070
Slickwraps,service,service,FALSE,FALSE,2020-02-16,857611
SlideTeam,service,service,FALSE,FALSE,2021-04-06,1464271
Smogon,service,service,FALSE,FALSE,2017-09-10,386489
Snail,service,service,FALSE,FALSE,2015-03-14,1410899
Snapchat,service,service,FALSE,FALSE,2014-01-01,4609615
SoarGames,service,service,FALSE,FALSE,2019-12-16,4774445
SocialEngineered,service,service,FALSE,FALSE,2019-06-13,89392
SIAE,service,service,FALSE,FALSE,2018-11-03,14609
Sonicbids,service,service,FALSE,FALSE,2019-12-30,751700
Sony,service,service,FALSE,FALSE,2011-06-02,37103
Soundwave,service,service,FALSE,FALSE,2015-07-16,130705
SpecialKSpamList,combolist,combolist,FALSE,FALSE,2015-10-07,30741620
Speedio,aggregator,aggregator,FALSE,FALSE,2024-12-24,27501041
Sphero,service,service,FALSE,FALSE,2023-09-09,832255
Spirol,service,service,FALSE,FALSE,2014-02-22,55622
Sport2000,service,service,FALSE,FALSE,2024-04-18,3189643
Spoutible,aggregator,aggregator,FALSE,FALSE,2024-01-31,207114
SpyFone,aggregator,aggregator,FALSE,FALSE,2018-08-16,44109
Spytech,service,service,FALSE,FALSE,2024-06-04,5645
StalkerOnline,service,service,FALSE,FALSE,2020-05-05,1385472
Staminus,service,service,FALSE,FALSE,2016-03-11,26815
StarNet,service,service,FALSE,FALSE,2015-02-26,139395
Start,service,service,FALSE,FALSE,2021-06-01,7455386
StarTribune,service,service,FALSE,FALSE,2019-10-10,2192857
TelegramStealerLogs,combolist,combolist,FALSE,TRUE,2024-07-18,26105473
StealerLogsJan2025,combolist,combolist,FALSE,TRUE,2025-01-13,71039833
SterKinekor,service,service,FALSE,FALSE,2017-03-09,1619544
StockX,service,service,FALSE,FALSE,2019-07-26,6840339
StoryBird,service,service,FALSE,FALSE,2015-08-07,1047200
Straffic,aggregator,aggregator,FALSE,FALSE,2020-02-14,48580249
Stratfor,service,service,FALSE,FALSE,2011-12-24,859777
StreamCraft,service,service,FALSE,FALSE,2020-07-06,1772620
StreetEasy,service,service,FALSE,FALSE,2016-06-28,988230
Stripchat,service,service,FALSE,FALSE,2021-11-05,10001355
StrongholdKingdoms,service,service,FALSE,FALSE,2018-07-04,5187305
SubaGames,service,service,FALSE,FALSE,2016-11-01,6137666
SumoTorrent,service,service,FALSE,FALSE,2014-06-21,285191
SundryFiles,service,service,FALSE,FALSE,2022-01-21,274461
SuperDraft,service,service,FALSE,FALSE,2024-10-27,300187
SuperVPNGeckoVPN,service,service,FALSE,FALSE,2021-02-25,20339937
SurveyLama,service,service,FALSE,FALSE,2024-02-01,4426879
SvenskaMagic,service,service,FALSE,FALSE,2015-07-01,30327
SweClockers,service,service,FALSE,FALSE,2015-04-01,254867
Switch,service,service,FALSE,FALSE,2024-10-01,5397
SwordFantasy,service,service,FALSE,FALSE,2017-01-20,2690657
Swvl,service,service,FALSE,FALSE,2020-06-23,4195918
T2,service,service,FALSE,FALSE,2024-04-17,94584
TaiLieu,service,service,FALSE,FALSE,2019-11-24,7327477
Tamodo,service,service,FALSE,FALSE,2020-02-28,494945
Tangerine,service,service,FALSE,FALSE,2024-02-18,243462
Taobao,service,service,FALSE,FALSE,2012-01-01,21149008
TAPAirPortugal,service,service,FALSE,FALSE,2022-08-25,6083479
Tappware,service,service,FALSE,FALSE,2024-04-23,94734
Taringa,service,service,FALSE,FALSE,2017-08-01,27971100
Solomid,service,service,FALSE,FALSE,2014-12-22,442166
Technic,service,service,FALSE,FALSE,2018-11-30,265410
Teespring,service,service,FALSE,FALSE,2020-04-01,8234193
TRAI,service,service,FALSE,FALSE,2015-04-27,107776
Teracod,service,service,FALSE,FALSE,2016-05-28,97151
Terravision,service,service,FALSE,FALSE,2023-02-01,2075625
Tesco,service,service,FALSE,FALSE,2014-02-12,2239
TGBUS,service,service,FALSE,FALSE,2017-09-01,10371766
TheCandidBoard,service,service,FALSE,FALSE,2015-09-03,178201
TheClubPenguinExperience,service,service,FALSE,FALSE,2024-10-14,6342
TheFappening,service,service,FALSE,FALSE,2015-12-01,179030
TheFlyOnTheWall,service,service,FALSE,FALSE,2017-12-31,84011
HalloweenSpot,service,service,FALSE,FALSE,2019-09-27,10653
TheHeritageFoundation,service,service,FALSE,FALSE,2024-07-09,72004
KodiFoundation,service,service,FALSE,FALSE,2023-02-16,400635
ThePostMillennial,service,service,FALSE,FALSE,2024-05-02,56973345
TheRealWorld,service,service,FALSE,FALSE,2024-11-15,324382
TheGradCafe,service,service,FALSE,FALSE,2023-02-26,310975
TheTVDB,service,service,FALSE,FALSE,2017-11-21,181871
Thingiverse,service,service,FALSE,FALSE,2020-10-13,228102
ThisHabboForum,service,service,FALSE,FALSE,2014-01-01,612414
Tianya,service,service,FALSE,FALSE,2011-12-26,29020808
Tibber,service,service,FALSE,FALSE,2024-11-10,50002
Ticketcounter,service,service,FALSE,FALSE,2021-02-22,1921722
Ticketek,service,service,FALSE,FALSE,2024-05-31,17643173
Ticketfly,service,service,FALSE,FALSE,2018-05-31,26151608
Tigo,service,service,FALSE,FALSE,2023-03-31,700394
TNAFlix,service,service,FALSE,FALSE,2022-06-01,1374344
Tokopedia,service,service,FALSE,FALSE,2020-04-17,71443698
ToonDoo,service,service,FALSE,FALSE,2019-08-21,6002694
TorrentInvites,service,service,FALSE,FALSE,2013-12-12,352120
Toumei,service,service,FALSE,FALSE,2023-10-18,76682
Tout,service,service,FALSE,FALSE,2014-09-11,652683
Tracki,service,service,FALSE,FALSE,2024-08-15,372557
Traderie,service,service,FALSE,FALSE,2022-09-24,364898
TravelOK,service,service,FALSE,FALSE,2020-12-17,637279
Travelio,service,service,FALSE,FALSE,2021-11-23,471376
Trello,aggregator,aggregator,FALSE,FALSE,2024-01-16,15111945
TrikSpamBotnet,combolist,combolist,FALSE,TRUE,2018-06-12,43432346
Trillian,service,service,FALSE,FALSE,2015-12-27,3827238
TruckersMP,service,service,FALSE,FALSE,2016-02-25,83957
TrueFire,service,service,FALSE,FALSE,2020-02-21,599667
TruthFinder,service,service,FALSE,FALSE,2019-04-12,8159573
Tumblr,service,service,FALSE,FALSE,2013-02-28,65469298
TunedGlobal,service,service,FALSE,FALSE,2016-03-16,985586
Tunngle,service,service,FALSE,FALSE,2016-07-01,8192928
Twitter,service,service,FALSE,FALSE,2022-01-01,6682453
Twitter200M,aggregator,aggregator,FALSE,FALSE,2021-01-01,211524284
Ubook,aggregator,aggregator,FALSE,FALSE,2024-07-28,699908
Uiggy,service,service,FALSE,FALSE,2016-06-01,2682650
Ulmon,service,service,FALSE,FALSE,2020-01-26,777769
IGF,service,service,FALSE,FALSE,2014-02-20,3200
UnderworldEmpire,service,service,FALSE,FALSE,2017-04-25,428779
UnicoCampania,service,service,FALSE,FALSE,2020-08-19,166031
Universarium,service,service,FALSE,FALSE,2019-11-01,564962
UC,service,service,FALSE,FALSE,2020-12-24,547422
UnrealEngine,service,service,FALSE,FALSE,2016-08-11,530147
Astoria,service,service,FALSE,FALSE,2021-01-26,11498146
Upstox,service,service,FALSE,FALSE,2021-04-08,111002
UtahGunExchange,service,service,FALSE,FALSE,2020-07-17,235233
uTorrent,service,service,FALSE,FALSE,2016-01-14,395044
uuu9,service,service,FALSE,FALSE,2016-09-06,7485802
Vakinha,service,service,FALSE,FALSE,2020-06-22,4775203
Vastaamo,service,service,FALSE,FALSE,2019-03-31,30433
VBulletin,service,service,FALSE,FALSE,2015-11-03,518966
Vedantu,service,service,FALSE,FALSE,2019-07-08,686899
VerificationsIO,aggregator,aggregator,FALSE,FALSE,2019-02-25,763117241
Verified,service,service,FALSE,FALSE,2014-01-10,16919
Vermillion,service,service,FALSE,FALSE,2014-08-30,8106
Vianet,service,service,FALSE,FALSE,2020-04-08,94353
VictoryPhones,aggregator,aggregator,FALSE,FALSE,2017-01-01,166046
ViewFines,service,service,FALSE,FALSE,2018-05-07,777649
VimeWorld,service,service,FALSE,FALSE,2018-10-01,3118964
VivaAir,service,service,FALSE,FALSE,2022-03-14,932232
VK,service,service,FALSE,FALSE,2012-01-01,93338602
VNG,service,service,FALSE,FALSE,2015-05-19,24853850
Vodafone,aggregator,aggregator,FALSE,FALSE,2013-11-30,56021
VoidTO,service,service,FALSE,FALSE,2019-06-13,95431
VTech,service,service,FALSE,FALSE,2015-11-13,4833678
VTightGel,service,service,FALSE,FALSE,2016-02-13,2013164
Wakanim,service,service,FALSE,FALSE,2022-08-28,6706951
Wanelo,service,service,FALSE,FALSE,2018-12-13,23165793
WarInc,service,service,FALSE,FALSE,2012-07-04,1020136
Warframe,service,service,FALSE,FALSE,2014-11-24,819478
Warmane,service,service,FALSE,FALSE,2016-12-01,1116256
WashingtonStateFoodWorkerCard,service,service,FALSE,FALSE,2022-11-17,1594305
Wattpad,service,service,FALSE,FALSE,2020-06-29,268765495
WeHeartIt,service,service,FALSE,FALSE,2013-11-03,8600635
WedMeGood,service,service,FALSE,FALSE,2021-01-06,1306723
Weee,service,service,FALSE,FALSE,2022-07-11,1117405
WeLeakInfo,service,service,FALSE,FALSE,2021-03-08,11788
Welhof,service,service,FALSE,FALSE,2023-12-01,107292
Wendys,service,service,FALSE,FALSE,2018-03-31,52485
Whitepages,service,service,FALSE,FALSE,2016-06-27,11657763
WHMCS,service,service,FALSE,FALSE,2012-05-21,134047
WienerBuchereien,service,service,FALSE,FALSE,2019-06-10,224119
WifeLovers,service,service,FALSE,FALSE,2018-10-07,1274051
WIIUISO,service,service,FALSE,FALSE,2015-09-25,458155
WildStar,service,service,FALSE,FALSE,2015-07-11,738556
Win7Vista,service,service,FALSE,FALSE,2013-09-03,202683
Wishbone,service,service,FALSE,FALSE,2016-08-07,2247314
Wishbone2020,service,service,FALSE,FALSE,2020-01-27,9705172
WiziShop,service,service,FALSE,FALSE,2020-07-14,2856769
Wongnai,service,service,FALSE,FALSE,2020-10-28,3924454
WoTLabs,service,service,FALSE,FALSE,2024-03-03,21994
WPSandbox,service,service,FALSE,FALSE,2018-11-04,858
WPT,service,service,FALSE,FALSE,2014-01-04,148366
xat,service,service,FALSE,FALSE,2015-11-04,5968783
Xbox360ISO,service,service,FALSE,FALSE,2015-09-25,1296959
Xbox-Scene,service,service,FALSE,FALSE,2015-02-01,432552
xHamster,service,service,FALSE,FALSE,2016-11-28,377377
Xiaomi,service,service,FALSE,FALSE,2012-08-01,7088010
XKCD,service,service,FALSE,FALSE,2019-07-01,561991
XPGameSaves,service,service,FALSE,FALSE,2016-01-01,890341
XSplit,service,service,FALSE,FALSE,2013-11-07,2983472
Yahoo,service,service,FALSE,FALSE,2012-07-11,453427
Yam,service,service,FALSE,FALSE,2013-06-02,13258797
Yandex,service,service,FALSE,FALSE,2014-09-07,1186564
Yatra,service,service,FALSE,FALSE,2013-09-01,5033997
Yonema,service,service,FALSE,FALSE,2024-11-21,35962
YoteprestoCom,service,service,FALSE,FALSE,2020-06-22,1444629
Youku,service,service,FALSE,FALSE,2016-12-01,91890110
YoungLivingEssentialOils,aggregator,aggregator,FALSE,FALSE,2024-12-11,1128951
YouNow,service,service,FALSE,FALSE,2019-02-15,18241518
YouPorn,service,service,FALSE,FALSE,2012-02-21,1327567
YouveBeenScraped,aggregator,aggregator,FALSE,FALSE,2018-10-05,66147869
Zacks,service,service,FALSE,FALSE,2020-05-10,8929503
ZadigVoltaire,service,service,FALSE,FALSE,2023-11-16,586895
ZAPHosting,service,service,FALSE,FALSE,2021-11-22,746682
Zhenai,service,service,FALSE,FALSE,2011-12-21,5024908
ZLib,service,service,FALSE,FALSE,2024-06-20,9737374
Zomato,service,service,FALSE,FALSE,2017-05-17,16472873
Zoomcar,service,service,FALSE,FALSE,2018-07-01,3589795
Zoosk,service,service,FALSE,FALSE,2011-01-01,52578183
Zoosk2020,service,service,FALSE,FALSE,2020-01-12,23927853
Zooville,service,service,FALSE,FALSE,2019-09-27,71407
Zurich,service,service,FALSE,FALSE,2023-01-08,756737
Zynga,service,service,FALSE,FALSE,2019-09-01,172869660
Parapa,service,service,FALSE,FALSE,2016-08-08,4946850
SprashivaiRu,service,service,FALSE,FALSE,2015-05-11,3474763
DecoratingTheHouse,service,service,FALSE,FALSE,2020-03-27,1298651
